sorteren op datum. Eerste datum eerst,,,Categories:,Traffic,Humans,Nature,Noise,Music,Other,Silence,Machine
http://mosart.soundappraisal.eu/dataset/570d495919df475e061057f8,,,,,,,,,,,
Fragment #,Filename,Labelaar,Start time,End time,Stressful?,Relaxing?,Sudden?,Category,Interpretation,,
Example,F.(...).wav,Xeryus,00:00:01.250,00:00:11.000,Yes,,No,Traffic,,,
,,,,,,,,,,,
23,F.de.Vries.11_2016-04-15T13:46:53.000Z,Steven,00:00:00.000,00:00:00.809,No,No,No,Other,Silence,,
23,F.de.Vries.11_2016-04-15T13:46:53.000Z,Steven,00:00:00.809,00:00:01.332,Yes,No,Yes,Other,Random,,
23,F.de.Vries.11_2016-04-15T13:46:53.000Z,Steven,00:00:01.332,00:00:06.800,No,No,No,Other,Water,,
23,F.de.Vries.11_2016-04-15T13:46:53.000Z,Steven,00:00:06.800,00:00:07.308,Yes,No,Yes,Other,Clap,,
23,F.de.Vries.11_2016-04-15T13:46:53.000Z,Steven,00:00:07.308,00:00:07.852,Yes,No,Yes,Other,Clap,,
23,F.de.Vries.11_2016-04-15T13:46:53.000Z,Steven,00:00:07.852,00:00:15.682,No,No,No,Other,Random,,
23,F.de.Vries.11_2016-04-15T13:46:53.000Z,Steven,00:00:15.682,00:00:19.000,No,No,No,Human,Speech,,
23,F.de.Vries.11_2016-04-15T13:46:53.000Z,Steven,00:00:19.000,00:00:24.000,No,No,No,Other,Keys ringing,,
23,F.de.Vries.11_2016-04-15T13:46:53.000Z,Steven,00:00:24.000,00:00:27.000,No,No,No,Human,Speech,,
23,F.de.Vries.11_2016-04-15T13:46:53.000Z,Steven,00:00:27.000,00:00:28.600,No,No,No,Other,Silence,,
23,F.de.Vries.11_2016-04-15T13:46:53.000Z,Steven,00:00:28.600,00:00:30.000,No,No,No,Human,Speach,,
4,S.Looije.2_2016-04-14T17:19:52.000Z,Luuk,00:00:00.000,00:00:02.214,No,No,No,Other,Silence,,
4,S.Looije.2_2016-04-14T17:19:52.000Z,Luuk,00:00:02.214,00:00:02.429,Yes,No,Yes,Other,Noise,,
4,S.Looije.2_2016-04-14T17:19:52.000Z,Luuk,00:00:02.429,00:00:30.000,No,No,No,Other,Silence,,
8,S.Looije.2_2016-04-15T13:01:55.000Z,Luuk,00:00:00.000,00:00:02.250,No,No,No,Other,Silence,,
8,S.Looije.2_2016-04-15T13:01:55.000Z,Luuk,00:00:02.250,00:00:03.100,No,No,No,Other,mic movement,,
8,S.Looije.2_2016-04-15T13:01:55.000Z,Luuk,00:00:03.100,00:00:30.000,No,No,No,Other,Silence,,
18,P.van.der.Meulen.4_2016-04-15T12:08:45.000Z,Luuk,00:00:00.000,00:00:30.000,Yes,No,No,Traffic,,Pim knows what this is,
21,T.R.Janssen_2016-04-15T13:06:59.000Z,Luuk,00:00:00.000,00:00:16.606,No,Yes,No,Nature,Birds,,
21,T.R.Janssen_2016-04-15T13:06:59.000Z,Luuk,00:00:16.606,00:00:17.462,No,No,No,Other,bike,,
21,T.R.Janssen_2016-04-15T13:06:59.000Z,Luuk,00:00:17.462,00:00:30.000,No,Yes,No,Nature,Birds,,
22,T.R.Janssen_2016-04-15T13:11:30.000Z,Luuk,00:00:00.000,00:00:00.000,Yes,No,No,Other,Noise,,
22,T.R.Janssen_2016-04-15T13:11:30.000Z,Luuk,00:00:10.106,00:00:10.346,Yes,No,Yes,Other,beep,,
22,T.R.Janssen_2016-04-15T13:11:30.000Z,Luuk,00:00:11.200,00:00:11.400,Yes,No,Yes,Other,beep,,
22,T.R.Janssen_2016-04-15T13:11:30.000Z,Luuk,00:00:12.521,00:00:13.038,Yes,No,Yes,Other,Paper?,,
22,T.R.Janssen_2016-04-15T13:11:30.000Z,Luuk,00:00:13.234,00:00:13.440,Yes,No,Yes,Other,,,
22,T.R.Janssen_2016-04-15T13:11:30.000Z,Luuk,00:00:13.786,00:00:14.223,Yes,No,Yes,Other,,,
22,T.R.Janssen_2016-04-15T13:11:30.000Z,Luuk,00:00:17.000,00:00:17.105,Yes,No,Yes,Other,beep,,
22,T.R.Janssen_2016-04-15T13:11:30.000Z,Luuk,00:00:17.000,00:00:17.105,No,No,No,Human,speech,,
22,T.R.Janssen_2016-04-15T13:11:30.000Z,Luuk,00:00:18.117,00:00:20.000,Yes,No,Yes,Other,stick breaking,,
22,T.R.Janssen_2016-04-15T13:11:30.000Z,Luuk,00:00:20.800,00:00:21.000,Yes,No,Yes,Other,beep,,
22,T.R.Janssen_2016-04-15T13:11:30.000Z,Luuk,00:00:21.900,00:00:22.100,Yes,No,Yes,Other,beep,,
22,T.R.Janssen_2016-04-15T13:11:30.000Z,Luuk,00:00:00.125,00:00:01.000,Yes,No,Yes,Other,movement,,
22,T.R.Janssen_2016-04-15T13:11:30.000Z,Luuk,00:00:01.300,00:00:01.650,Yes,No,Yes,Other,movement,,
22,T.R.Janssen_2016-04-15T13:11:30.000Z,Luuk,00:00:03.800,00:00:06.000,No,No,Yes,Human,speech,,
24,m.wirthlin_2016-04-15T15:06:21.000Z,Steven,00:00:00.000,00:00:30.000,No,No,No,Other,,,
24,m.wirthlin_2016-04-15T15:06:21.000Z,Steven,00:00:00.000,00:00:02.303,No,No,No,Other,Water,,
24,m.wirthlin_2016-04-15T15:06:21.000Z,Steven,00:00:11:900,00:00:12.500,No,No,No,Other,mouseclick,,
24,m.wirthlin_2016-04-15T15:06:21.000Z,Steven,00:00:13.050,00:00:13.700,No,No,No,Other,mouseclick,,
24,m.wirthlin_2016-04-15T15:06:21.000Z,Steven,00:00:18.300,00:00:18.788,No,No,No,Other,mouseclick,,
24,m.wirthlin_2016-04-15T15:06:21.000Z,Steven,00:00:19.750,00:00:20.278,No,No,No,Other,mouseclick,,
24,m.wirthlin_2016-04-15T15:06:21.000Z,Steven,00:00:20.497,00:00:21.446,No,No,No,Other,mouseclick,,
24,m.wirthlin_2016-04-15T15:06:21.000Z,Steven,00:00:22.407,00:00:29.287,No,No,No,Other,keyboard,,
29,m.wirthlin_2016-04-15T16:29:20.000Z,Steven,00:00:00.000,00:00:00.526,No,No,No,Other,Silence,,
29,m.wirthlin_2016-04-15T16:29:20.000Z,Steven,00:00:00.526,00:00:30.000,Yes,No,No,Music,Music,,
42,T.R.Janssen_2016-04-16T14:52:59.000Z,Steven,00:00:00.000,00:00:30.000,Yes,No,No,Traffic,Car,,
42,T.R.Janssen_2016-04-16T14:52:59.000Z,Steven,00:00:00.000,00:00:30.000,Yes,No,No,Machine,Engine,,
42,T.R.Janssen_2016-04-16T14:52:59.000Z,Steven,00:00:04.266,00:00:05.171,Yes,No,No,Human,Speech,,
52,L.H.Boulogne_2016-04-16T19:08:22.000Z,Steven,00:00:00.000,00:00:30.000,Yes,No,No,Music,Music,,
52,L.H.Boulogne_2016-04-16T19:08:22.000Z,Steven,00:00:00.000,00:00:30.000,Yes,No,No,Human,Speech,,
60,S.M.Romer_2016-04-17T08:44:17.000Z,Steven,00:00:00.000,00:00:00.509,No,No,No,Other,Silence,,
60,S.M.Romer_2016-04-17T08:44:17.000Z,Steven,00:00:00.509,00:00:30.000,Yes,No,No,Other,Wind,,
60,S.M.Romer_2016-04-17T08:44:17.000Z,Steven,00:00:00.509,00:00:30.000,Yes,No,No,Other,Pumping tire,,
10,H.R.Beishuizen_2016-04-15T08:26:47.000Z,Tom,00:00:00.000,00:00:03.782,No,No,No,Traffic,passing vehicle,,
10,H.R.Beishuizen_2016-04-15T08:26:47.000Z,Tom,00:00:00.000,00:00:30.000,No,Yes,No,Nature,birds background,,
10,H.R.Beishuizen_2016-04-15T08:26:47.000Z,Tom,00:00:18.602,00:00:27.000,No,No,No,Traffic,passing vehicle,,
13,H.R.Beishuizen_2016-04-15T08:43:21.000Z,Tom,00:00:00.000,00:00:02.275,Yes,No,Yes,Noise,mic movement,,
13,H.R.Beishuizen_2016-04-15T08:43:21.000Z,Tom,00:00:03.000,00:00:04.544,Yes,No,No,Other,opening drawer,,
13,H.R.Beishuizen_2016-04-15T08:43:21.000Z,Tom,00:00:04.544,00:00:06.614,Yes,No,Yes,Other,cutlery movement,,
13,H.R.Beishuizen_2016-04-15T08:43:21.000Z,Tom,00:00:06.614,00:00:07.264,Yes,No,Yes,Other,drawer closing,,
13,H.R.Beishuizen_2016-04-15T08:43:21.000Z,Tom,00:00:07.500,00:00:08.300,Yes,No,Yes,Other,scraping,,
13,H.R.Beishuizen_2016-04-15T08:43:21.000Z,Tom,00:00:08.950,00:00:18.982,Yes,No,No,Other,stirring noise,,
13,H.R.Beishuizen_2016-04-15T08:43:21.000Z,Tom,00:00:18.982,00:00:20.151,Yes,No,Yes,Other,wood drumming,,
13,H.R.Beishuizen_2016-04-15T08:43:21.000Z,Tom,00:00:20.151,00:00:30.000,Yes,No,No,Other,stirring noise,,
51,P.van.der.Meulen.4_2016-04-16T17:58:30.000Z,Tom,00:00:17.277,00:00:19.304,No,No,Yes,Traffic,distant claxon,,
58,P.van.der.Meulen.4_2016-04-17T07:04:03.000Z,Tom,NA,NA,NA,NA,NA,NA,geen significante geluiden,,
76,m.wirthlin_2016-04-17T15:21:45.000Z,Tom,00:00:00.530,00:00:01.698,No,No,Yes,Human,speech,,
76,m.wirthlin_2016-04-17T15:21:45.000Z,Tom,00:00:02.908,00:00:03.061,No,No,Yes,Human,speech,,
76,m.wirthlin_2016-04-17T15:21:45.000Z,Tom,00:00:04.600,00:00:05.600,No,No,Yes,Noise,wind,,
76,m.wirthlin_2016-04-17T15:21:45.000Z,Tom,00:00:11.533,00:00:14.224,Yes,No,No,Traffic,passing vehicle,,
76,m.wirthlin_2016-04-17T15:21:45.000Z,Tom,00:00:05.600,00:00:14.600,Yes,No,Yes,Noise,,,
76,m.wirthlin_2016-04-17T15:21:45.000Z,Tom,00:00:05.600,00:00:14.600,Yes,No,Yes,Human,,,
76,m.wirthlin_2016-04-17T15:21:45.000Z,Tom,00:00:05.600,00:00:14.600,Yes,No,Yes,Traffic,,,
76,m.wirthlin_2016-04-17T15:21:45.000Z,Tom,00:00:14.600,00:00:21.938,No,No,No,Noise,,,
76,m.wirthlin_2016-04-17T15:21:45.000Z,Tom,00:00:14.600,00:00:21.938,No,No,No,Human,,,
76,m.wirthlin_2016-04-17T15:21:45.000Z,Tom,00:00:14.600,00:00:21.938,No,No,No,Other,,,
76,m.wirthlin_2016-04-17T15:21:45.000Z,Tom,00:00:21.938,00:00:22.837,No,No,Yes,Other,Bicycle parking,,
76,m.wirthlin_2016-04-17T15:21:45.000Z,Tom,00:00:22.837,00:00:26.882,No,No,No,Footsteps,,,
76,m.wirthlin_2016-04-17T15:21:45.000Z,Tom,00:00:27.400,00:00:32.624,Yes,No,No,Noise,,,
76,m.wirthlin_2016-04-17T15:21:45.000Z,Tom,00:00:27.400,00:00:32.624,Yes,No,No,Human,,,
76,m.wirthlin_2016-04-17T15:21:45.000Z,Tom,00:00:27.400,00:00:32.624,Yes,No,No,Traffic,,,
99,H.R.Beishuizen_2016-04-18T05:51:11.000Z,Tom,00:00:00.115,00:00:02.327,No,No,No,Noise,Gravel,,
99,H.R.Beishuizen_2016-04-18T05:51:11.000Z,Tom,00:00:05.822,00:00:07.231,No,No,Yes,Nature,Bird,,
99,H.R.Beishuizen_2016-04-18T05:51:11.000Z,Tom,00:00:00.115,00:00:32.763,Yes,No,No,Traffic,Sirens,,
137,P.van.der.Meulen.4_2016-04-19T06:31:51.000Z,Tom,00:00:04.782,00:00:04.939,No,No,Yes,Other,Tick,,
137,P.van.der.Meulen.4_2016-04-19T06:31:51.000Z,Tom,00:00:15.681,00:00:16.956,No,No,No,Human,Sniff,,
153,F.de.Vries.11_2016-04-19T17:15:28.000Z,Tom,00:00:02.804,00:00:04.495,No,No,Yes,Human,Speech,,
153,F.de.Vries.11_2016-04-19T17:15:28.000Z,Tom,00:00:04.403,00:00:04.938,No,No,No,Human,Tsss,,
153,F.de.Vries.11_2016-04-19T17:15:28.000Z,Tom,00:00:13.877,00:00:14.720,No,No,Yes,Human,Speech,,
153,F.de.Vries.11_2016-04-19T17:15:28.000Z,Tom,00:00:20.456,00:00:21.344,Yes,No,Yes,Human,Speech,,
153,F.de.Vries.11_2016-04-19T17:15:28.000Z,Tom,00:00:24.968,00:00:29.884,No,No,No,Human,Laughter/Speech,,
153,F.de.Vries.11_2016-04-19T17:15:28.000Z,Tom,00:00:14.728,00:00:19.295,No,No,No,Human,,,
153,F.de.Vries.11_2016-04-19T17:15:28.000Z,Tom,00:00:14.728,00:00:19.295,No,No,No,Radio,,,
53,P.van.der.Meulen.4_2016-04-16T20-45-29.000Z,Pim,00:00:08.059,00:00:09.036,No,No,No,Other,,,
57,H.R.Beishuizen_2016-04-17T06-12-38.000Z,Pim,NA,NA,NA,NA,NA,NA,geen significante geluiden,,
68,m.wirthlin_2016-04-17T13-36-59.000Z,Pim,00:00:05.815,00:00:06.362,No,No,No,Other,,,
68,m.wirthlin_2016-04-17T13-36-59.000Z,Pim,00:00:21.025,00:00:21.720,No,No,No,Other,,,
95,P.van.der.Meulen.4_2016-04-18T05-13-34.000Z,Pim,00:00:10.589,00:00:11.218,No,No,No,Other,,,
95,P.van.der.Meulen.4_2016-04-18T05-13-34.000Z,Pim,00:00:17.891,00:00:25.869,Yes,No,Yes,Other,,,
97,F.de.Vries.11_2016-04-18T05-32-24.000Z,Pim,00:00:13.132,00:00:29.884,Yes,No,Yes,Mechanical,,,
114,L.H.Boulogne_2016-04-18T08-59-58.000Z,Pim,NA,NA,NA,NA,NA,NA,geen significante geluiden,,
115,T.R.Janssen_2016-04-18T09-01-38.000Z,Pim,00:00:00.000,00:00:01.842,Yes,No,No,Traffic,,,
115,T.R.Janssen_2016-04-18T09-01-38.000Z,Pim,00:00:02.423,00:00:04.313,Yes,No,No,Traffic,,,
115,T.R.Janssen_2016-04-18T09-01-38.000Z,Pim,00:00:08.094,00:00:11.632,Yes,No,No,Traffic,,,
115,T.R.Janssen_2016-04-18T09-01-38.000Z,Pim,00:00:23.845,00:00:30.000,Yes,No,No,Traffic,,,
119,T.R.Janssen_2016-04-18T12-45-50.000Z,Pim,00:00:00.000,00:00:30.000,Yes,No,No,Other,,,
126,F.de.Vries.11_2016-04-18T18-21-49.000Z,Pim,00:00:01.738,00:00:03.524,No,No,No,Human,,,
126,F.de.Vries.11_2016-04-18T18-21-49.000Z,Pim,00:00:03.959,00:00:09.849,No,No,No,Human/Music,,,
126,F.de.Vries.11_2016-04-18T18-21-49.000Z,Pim,00:00:15.014,00:00:15.739,No,No,No,Human,,,
126,F.de.Vries.11_2016-04-18T18-21-49.000Z,Pim,00:00:19.166,00:00:20.808,No,No,No,Human,,,
126,F.de.Vries.11_2016-04-18T18-21-49.000Z,Pim,00:00:24.863,00:00:26.167,No,No,Yes,Human,,,
143,L.H.Boulogne_2016-04-19T09-50-30.000Z,Pim,00:00:17.490,00:00:21.742,No,No,No,Human,,,
143,L.H.Boulogne_2016-04-19T09-50-30.000Z,Pim,00:00:23.820,00:00:24.399,Yes,No,No,Other,,,
143,L.H.Boulogne_2016-04-19T09-50-30.000Z,Pim,00:00:25.414,00:00:27.878,No,No,No,Human,,,
143,L.H.Boulogne_2016-04-19T09-50-30.000Z,Pim,00:00:25.414,00:00:27.878,No,No,No,Radio,,,
26,T.R.Janssen_2016-04-15T16:23:35.000Z,Xeryus,00:00:28.994,00:00:29.317,No,,Yes,Other,,,
30,m.wirthlin_2016-04-15T17:17:42.000Z,Xeryus,NA,NA,NA,,NA,Music,,,
31,S.M.Romer_2016-04-15T21:02:38.000Z,Xeryus,00:00:25.282,00:00:25.811,No,,Yes,Human,Laughter,,
43,S.Bosch.8_2016-04-16T14:56:55.000Z,Xeryus,00:00:00.200,00:00:01.837,No,,No,Other,,,
43,S.Bosch.8_2016-04-16T14:56:55.000Z,Xeryus,00:00:05.417,00:00:10.071,Yes,No,Yes,Other,,,
43,S.Bosch.8_2016-04-16T14:56:55.000Z,Xeryus,00:00:10.670,00:00:13.438,Yes,No,Yes,Other,,,
43,S.Bosch.8_2016-04-16T14:56:55.000Z,Xeryus,00:00:18.991,00:00:21.919,Yes,No,Yes,Other,,,
43,S.Bosch.8_2016-04-16T14:56:55.000Z,Xeryus,00:00:26.462,00:00:30.000,No,,Yes,Other,,,
1,T.R.Janssen_2016-04-14T13-54-01.000Z,Pim,00:00:00.435,00.00.01.111,No,No,No,Other,clock ticking,,
1,T.R.Janssen_2016-04-14T13-54-01.000Z,Pim,00:00:01.449,00:00:02.126,No,No,No,Other,clock ticking,,
1,T.R.Janssen_2016-04-14T13-54-01.000Z,Pim,00:00:02.319,00:00:03.044,No,No,No,Other,clock ticking,,
1,T.R.Janssen_2016-04-14T13-54-01.000Z,Pim,00:00:03.237,00:00:04.010,No,No,No,Other,clock ticking,,
1,T.R.Janssen_2016-04-14T13-54-01.000Z,Pim,00:00:04.300,00:00:04.977,No,No,No,Other,clock ticking,,
1,T.R.Janssen_2016-04-14T13-54-01.000Z,Pim,00:00:05.266,00:00:05.943,No,No,No,Other,clock ticking,,
1,T.R.Janssen_2016-04-14T13-54-01.000Z,Pim,00:00:06.088,00:00:06.957,No,No,No,Other,clock ticking,,
1,T.R.Janssen_2016-04-14T13-54-01.000Z,Pim,00:00:07.199,00:00:07.827,No,No,No,Other,clock ticking,,
1,T.R.Janssen_2016-04-14T13-54-01.000Z,Pim,00:00:08.117,00:00:08.890,No,No,No,Other,clock ticking,,
1,T.R.Janssen_2016-04-14T13-54-01.000Z,Pim,00:00:09.035,00:00:09.856,No,No,No,Other,clock ticking,,
1,T.R.Janssen_2016-04-14T13-54-01.000Z,Pim,00:00:09.953,00:00:10.774,No,No,No,Other,clock ticking,,
1,T.R.Janssen_2016-04-14T13-54-01.000Z,Pim,00:00:10.823,00:00:11.692,No,No,No,Other,clock ticking,,
1,T.R.Janssen_2016-04-14T13-54-01.000Z,Pim,00:00:11.886,00:00:12.659,No,No,No,Other,clock ticking,,
1,T.R.Janssen_2016-04-14T13-54-01.000Z,Pim,00:00:12.804,00:00:13.577,No,No,No,Other,clock ticking,,
1,T.R.Janssen_2016-04-14T13-54-01.000Z,Pim,00:00:13.818,00:00:14.640,No,No,No,Other,clock ticking,,
1,T.R.Janssen_2016-04-14T13-54-01.000Z,Pim,00:00:14.833,00:00:15.606,No,No,No,Other,clock ticking,,
1,T.R.Janssen_2016-04-14T13-54-01.000Z,Pim,00:00:15.847,00:00:16.572,No,No,No,Other,clock ticking,,
1,T.R.Janssen_2016-04-14T13-54-01.000Z,Pim,00:00:16.621,00:00:17.539,No,No,No,Other,clock ticking,,
1,T.R.Janssen_2016-04-14T13-54-01.000Z,Pim,00:00:17.683,00:00:18.457,No,No,No,Other,clock ticking,,
1,T.R.Janssen_2016-04-14T13-54-01.000Z,Pim,00:00:18.650,00:00:19.326,No,No,No,Other,clock ticking,,
1,T.R.Janssen_2016-04-14T13-54-01.000Z,Pim,00:00:19.519,00:00:20.293,No,No,No,Other,clock ticking,,
1,T.R.Janssen_2016-04-14T13-54-01.000Z,Pim,00:00:20.486,00:00:21.259,No,No,No,Other,clock ticking,,
1,T.R.Janssen_2016-04-14T13-54-01.000Z,Pim,00:00:21.597,00:00:22.273,No,No,No,Other,clock ticking,,
1,T.R.Janssen_2016-04-14T13-54-01.000Z,Pim,00:00:22.418,00:00:23.288,No,No,No,Other,clock ticking,,
1,T.R.Janssen_2016-04-14T13-54-01.000Z,Pim,00:00:23.433,00:00:24.206,No,No,No,Other,clock ticking,,
1,T.R.Janssen_2016-04-14T13-54-01.000Z,Pim,00:00:24.303,00:00:25.076,No,No,No,Other,clock ticking,,
1,T.R.Janssen_2016-04-14T13-54-01.000Z,Pim,00:00:25.221,00:00:26.090,No,No,No,Other,clock ticking,,
1,T.R.Janssen_2016-04-14T13-54-01.000Z,Pim,00:00:26.284,00:00:27.008,No,No,No,Other,clock ticking,,
1,T.R.Janssen_2016-04-14T13-54-01.000Z,Pim,00:00:27.202,00:00:28.071,No,No,No,Other,clock ticking,,
1,T.R.Janssen_2016-04-14T13-54-01.000Z,Pim,00:00:28.216,00:00:28.989,No,No,No,Other,clock ticking,,
1,T.R.Janssen_2016-04-14T13-54-01.000Z,Pim,00:00:29.134,00:00:29.907,No,No,No,Other,clock ticking,,
5,m.wirthlin_2016-04-14T20-58-43.000Z,Pim,00:00:00.534,00:00:02.087,Yes,No,Yes,Noise,,,
5,m.wirthlin_2016-04-14T20-58-43.000Z,Pim,00:00:02.621,00:00:03.689,No,Yes,No,Other,moving something wet,,
5,m.wirthlin_2016-04-14T20-58-43.000Z,Pim,00:00:07.184,00:00:08.203,No,No,Yes,Noise,,,
5,m.wirthlin_2016-04-14T20-58-43.000Z,Pim,00:00:11.261,00:00:13.640,No,Yes,No,Other,moving something wet,,
5,m.wirthlin_2016-04-14T20-58-43.000Z,Pim,00:00:16.164,00:00:17.911,No,Yes,No,Other,moving something wet,,
5,m.wirthlin_2016-04-14T20-58-43.000Z,Pim,00:00:21.795,00:00:22.911,No,Yes,No,Other,Scratching,,
5,m.wirthlin_2016-04-14T20-58-43.000Z,Pim,00:00:25.969,00:00:27.425,No,Yes,No,Other,moving something wet,,
27,m.wirthlin_2016-04-15T16-25-47.000Z,Pim,00:00:00.000,00:00:30.000,No,No,No,Music,Electric guitar,,
27,m.wirthlin_2016-04-15T16-25-47.000Z,Pim,00:00:01.814,00:00:02.059,Yes,No,Yes,Music,Drum beat,,
37,H.R.Beishuizen_2016-04-16T07-32-06.000Z,Pim,00:00:00.556,00:00:01.162,Yes,No,Yes,Noise,,,
37,H.R.Beishuizen_2016-04-16T07-32-06.000Z,Pim,00:00:02.577,00:00:04.396,No,No,No,Other,Opening drawer,,
37,H.R.Beishuizen_2016-04-16T07-32-06.000Z,Pim,00:00:04.345,00:00:05.154,Yes,No,Yes,Other,Dropping something on the table,,
37,H.R.Beishuizen_2016-04-16T07-32-06.000Z,Pim,00:00:05.204,00:00:06.013,Yes,No,Yes,Other,Dropping something on the table,,
37,H.R.Beishuizen_2016-04-16T07-32-06.000Z,Pim,00:00:06.619,00:00:07.074,No,No,Yes,Other,Bumbing into kitchencounter,,
37,H.R.Beishuizen_2016-04-16T07-32-06.000Z,Pim,00:00:07.226,00:00:10.763,Yes,No,No,Other,Plastic packaging,,
37,H.R.Beishuizen_2016-04-16T07-32-06.000Z,Pim,00:00:11.015,00:00:17.584,Yes,No,Yes,Other,Pouring cereal in bowl,,
37,H.R.Beishuizen_2016-04-16T07-32-06.000Z,Pim,00:00:17.988,00:00:19.555,No,No,No,Other,Opening drawer,,
37,H.R.Beishuizen_2016-04-16T07-32-06.000Z,Pim,00:00:19.555,00:00:20.211,No,No,Yes,Other,Clap,,
37,H.R.Beishuizen_2016-04-16T07-32-06.000Z,Pim,00:00:20.464,00:00:21.121,No,No,No,Other,Closing drawer,,
37,H.R.Beishuizen_2016-04-16T07-32-06.000Z,Pim,00:00:21.020,00:00:21.778,Yes,No,Yes,Other,Closing cabinet door,,
37,H.R.Beishuizen_2016-04-16T07-32-06.000Z,Pim,00:00:21.879,00:00:22.334,No,No,No,Other,Closing drawer,,
37,H.R.Beishuizen_2016-04-16T07-32-06.000Z,Pim,00:00:22.485,00:00:23.395,No,No,No,Other,Rattling,,
37,H.R.Beishuizen_2016-04-16T07-32-06.000Z,Pim,00:00:23.850,00:00:24.658,No,No,No,Other,Pop/rattle/slam,,
37,H.R.Beishuizen_2016-04-16T07-32-06.000Z,Pim,00:00:24.709,00:00:25.466,No,No,No,Other,Canister plop,,
48,S.Bosch.8_2016-04-16T15-28-44.000Z,Pim,00:00:00.000,00:00:30.000,No,Yes,No,Music,,,
48,S.Bosch.8_2016-04-16T15-28-44.000Z,Pim,00:00:06.511,00:00:07.157,No,No,Yes,Other,Mouse clicking,,
48,S.Bosch.8_2016-04-16T15-28-44.000Z,Pim,00:00:07.257,00:00:07.605,No,No,Yes,Other,Mouse clicking,,
48,S.Bosch.8_2016-04-16T15-28-44.000Z,Pim,00:00:09.593,00:00:10.040,No,No,Yes,Other,Mouse clicking,,
48,S.Bosch.8_2016-04-16T15-28-44.000Z,Pim,00:00:10.885,00:00:11.183,No,No,Yes,Other,Mouse clicking,,
48,S.Bosch.8_2016-04-16T15-28-44.000Z,Pim,00:00:11.879,00:00:12.525,Yes,No,Yes,Human,Sniffing,,
48,S.Bosch.8_2016-04-16T15-28-44.000Z,Pim,00:00:14.215,00:00:14.812,Yes,No,Yes,Human,Sniffing,,
48,S.Bosch.8_2016-04-16T15-28-44.000Z,Pim,00:00:20.180,00:00:20.528,Yes,No,Yes,Human,Sniffing,,
48,S.Bosch.8_2016-04-16T15-28-44.000Z,Pim,00:00:27.039,00:00:27.436,No,No,Yes,Other,Mouse clicking,,
48,S.Bosch.8_2016-04-16T15-28-44.000Z,Pim,00:00:30.369,00:00:30.766,No,No,Yes,Other,Mouse clicking,,
53,P.van.der.Meulen.4_2016-04-16T20-45-29.000Z,Pim,00:00:08.059,00:00:09.036,No,No,No,Other,Door opening,,
53,P.van.der.Meulen.4_2016-04-16T20-45-29.000Z,Pim,00:00:19.732,00:00:21.392,No,No,No,Other,Door closing,,
57,H.R.Beishuizen_2016-04-17T06-12-38.000Z,Pim,00:00:00.000,00:00:30.000,No,Yes,No,Silence,geen significante geluiden,,
68,m.wirthlin_2016-04-17T13-36-59.000Z,Pim,00:00:01.193,00:00:01.839,Yes,No,Yes,Other,Dropping something,,
68,m.wirthlin_2016-04-17T13-36-59.000Z,Pim,00:00:03.032,00:00:04.175,No,No,No,Other,Footsteps,,
68,m.wirthlin_2016-04-17T13-36-59.000Z,Pim,00:00:05.070,00:00:05.368,Yes,No,Yes,Other,Tick,,
68,m.wirthlin_2016-04-17T13-36-59.000Z,Pim,00:00:05.716,00:00:06.561,Yes,No,Yes,Other,Tick,,
68,m.wirthlin_2016-04-17T13-36-59.000Z,Pim,00:00:07.356,00:00:08.350,No,No,No,Other,Footsteps,,
68,m.wirthlin_2016-04-17T13-36-59.000Z,Pim,00:00:08.300,00:00:08.947,Yes,No,No,Other,slam,,
68,m.wirthlin_2016-04-17T13-36-59.000Z,Pim,00:00:09.444,00:00:13.470,No,No,No,Other,Footsteps,,
68,m.wirthlin_2016-04-17T13-36-59.000Z,Pim,00:00:16.651,00:00:17.297,No,No,No,Other,Thud,,
68,m.wirthlin_2016-04-17T13-36-59.000Z,Pim,00:00:18.341,00:00:23.858,No,No,No,Other,Footsteps,,
68,m.wirthlin_2016-04-17T13-36-59.000Z,Pim,00:00:24.653,00:00:27.486,No,No,No,Other,Footsteps,,
68,m.wirthlin_2016-04-17T13-36-59.000Z,Pim,00:00:29.971,00:00:30.766,No,No,No,Other,Thud,,
95,P.van.der.Meulen.4_2016-04-18T05-13-34.000Z,Pim,00:00:04.303,00:00:04.835,No,No,No,Other,Tap,,
95,P.van.der.Meulen.4_2016-04-18T05-13-34.000Z,Pim,00:00:05.367,00:00:05.754,No,No,No,Other,Tap,,
95,P.van.der.Meulen.4_2016-04-18T05-13-34.000Z,Pim,00:00:10.590,00:00:11.219,No,No,No,Other,Putting something on the table,,
95,P.van.der.Meulen.4_2016-04-18T05-13-34.000Z,Pim,00:00:11.750,00:00:12.814,No,No,No,Other,Sweeping something,,
95,P.van.der.Meulen.4_2016-04-18T05-13-34.000Z,Pim,00:00:17.891,00:00:26.169,Yes,No,Yes,Other,Crinkly bag,,
95,P.van.der.Meulen.4_2016-04-18T05-13-34.000Z,Pim,00:00:21.807,00:00:22.339,Yes,No,Yes,Other,Putting something on the table,,
95,P.van.der.Meulen.4_2016-04-18T05-13-34.000Z,Pim,00:00:26.836,00:00:29.931,Yes,No,Yes,Other,Crinkly bag,,
97,F.de.Vries.11_2016-04-18T05-32-24.000Z,Pim,00:00:13.132,00:00:29.884,Yes,No,Yes,Mechanical,Coffeemachine,,
168,S.Looije.2_2016-04-20T06:58:32.000Z,Tom,NA,NA,NA,NA,NA,NA,geen significante geluiden,,
174,P.R.de.Weert_2016-04-20T07:20:10.000Z,Tom,00:00:24.539,00:00:26.083,Yes,No,Yes,Mechanical,phone vibration,,
174,P.R.de.Weert_2016-04-20T07:20:10.000Z,Tom,00:00:19.795,00:00:24.441,No,No,No,Human,speech,,
174,P.R.de.Weert_2016-04-20T07:20:10.000Z,Tom,00:00:13.618,00:00:19.538,No,No,No,Human,speech,,
174,P.R.de.Weert_2016-04-20T07:20:10.000Z,Tom,00:00:07.428,00:00:12.760,No,No,No,Human,speech,,
174,P.R.de.Weert_2016-04-20T07:20:10.000Z,Tom,00:00:12.165,00:00:12.680,Yes,No,Yes,Other,Notification,,
174,P.R.de.Weert_2016-04-20T07:20:10.000Z,Tom,00:00:01.912,00:00:07.299,No,No,No,Human,speech,,
177,m.wirthlin_2016-04-20T07:26:42.000Z,Tom,00:00:08.417,00:00:08.875,Yes,No,Yes,Other,knock,,
177,m.wirthlin_2016-04-20T07:26:42.000Z,Tom,00:00:02.169,00:00:07.651,No,No,No,Human,speech,,
177,m.wirthlin_2016-04-20T07:26:42.000Z,Tom,00:00:10.366,00:00:31.695,No,No,No,Human,speech,,
178,L.H.Boulogne_2016-04-20T07:32:48.000Z,Tom,00:00:02.991,00:00:13.728,No,No,No,Human,indistinct chatter,,
178,L.H.Boulogne_2016-04-20T07:32:48.000Z,Tom,00:00:21.818,00:00:28.412,No,No,No,Human,speech,,
178,L.H.Boulogne_2016-04-20T07:32:48.000Z,Tom,00:00:28.326,00:00:28.700,No,No,Yes,Mechanical,penclick,,
196,P.R.de.Weert_2016-04-20T11:16:51.000Z,Tom,00:00:04.088,00:00:06.214,No,No,No,Other,sweeping something,,
196,P.R.de.Weert_2016-04-20T11:16:51.000Z,Tom,00:00:04.082,00:00:06.980,No,No,No,Human,speech,,
196,P.R.de.Weert_2016-04-20T11:16:51.000Z,Tom,00:00:09.003,00:00:11.387,No,No,No,Human,speech,,
196,P.R.de.Weert_2016-04-20T11:16:51.000Z,Tom,00:00:11.448,00:00:17.111,No,No,No,Human,speech,,
196,P.R.de.Weert_2016-04-20T11:16:51.000Z,Tom,00:00:19.231,00:00:20.108,No,No,No,Human,speech,,
196,P.R.de.Weert_2016-04-20T11:16:51.000Z,Tom,00:00:20.261,00:00:21.150,No,No,No,Human,speech,,
196,P.R.de.Weert_2016-04-20T11:16:51.000Z,Tom,00:00:21.438,00:00:22.510,No,No,No,Human,speech,,
196,P.R.de.Weert_2016-04-20T11:16:51.000Z,Tom,00:00:22.596,00:00:23.111,No,No,No,Human,sigh,,
196,P.R.de.Weert_2016-04-20T11:16:51.000Z,Tom,00:00:23.111,00:00:26.757,No,No,No,Human,speech,,
196,P.R.de.Weert_2016-04-20T11:16:51.000Z,Tom,00:00:28.535,00:00:28.945,No,No,No,Human,speech,,
202,J.Welink_2016-04-20T13:55:34.000Z,Tom,00:00:00.294,00:00:03.873,No,No,No,Traffic,stationary engine,,
202,J.Welink_2016-04-20T13:55:34.000Z,Tom,00:00:03.873,00:00:18.435,Yes,No,No,Traffic,accelerating engine,,
202,J.Welink_2016-04-20T13:55:34.000Z,Tom,00:00:23.092,00:00:27.897,Yes,No,No,Traffic,passing vehicle,,
114,L.H.Boulogne_2016-04-18T08-59-58.000Z,Pim,00:00:00.000,00:00:30.000,No,Yes,No,Silence,geen significante geluiden,,
115,T.R.Janssen_2016-04-18T09-01-38.000Z,Pim,00:00:00.000,00:00:01.842,Yes,No,No,Traffic,passing car,,
115,T.R.Janssen_2016-04-18T09-01-38.000Z,Pim,00:00:00.921,00:00:30.000,Yes,No,No,Traffic,light motorcycle,,
115,T.R.Janssen_2016-04-18T09-01-38.000Z,Pim,00:00:02.423,00:00:04.313,Yes,No,No,Traffic,passing car,,
115,T.R.Janssen_2016-04-18T09-01-38.000Z,Pim,00:00:08.094,00:00:11.632,Yes,No,No,Traffic,passing motorcycle,,
115,T.R.Janssen_2016-04-18T09-01-38.000Z,Pim,00:00:13.570,00:00:16.963,Yes,No,No,Traffic,passing motorcycle,,
115,T.R.Janssen_2016-04-18T09-01-38.000Z,Pim,00:00:17.399,00:00:18.611,Yes,No,No,Traffic,passing car,,
115,T.R.Janssen_2016-04-18T09-01-38.000Z,Pim,00:00:21.906,00:00:23.312,Yes,No,No,Traffic,passing car,,
119,T.R.Janssen_2016-04-18T12-45-50.000Z,Pim,00:00:00.000,00:00:30.000,No,Yes,No,Other,soft ticking,,
126,F.de.Vries.11_2016-04-18T18-21-49.000Z,Pim,00:00:00.435,00:00:11.200,No,Yes,No,Music,,,
126,F.de.Vries.11_2016-04-18T18-21-49.000Z,Pim,00:00:01.835,00:00:03.573,No,No,No,Human,speech,,
126,F.de.Vries.11_2016-04-18T18-21-49.000Z,Pim,00:00:03.621,00:00:07.918,No,No,No,Human,speech,,
126,F.de.Vries.11_2016-04-18T18-21-49.000Z,Pim,00:00:07.773,00:00:11.200,No,No,No,Human,speech,,
126,F.de.Vries.11_2016-04-18T18-21-49.000Z,Pim,00:00:11.345,00:00:14.290,No,No,No,Human,speech,,
126,F.de.Vries.11_2016-04-18T18-21-49.000Z,Pim,00:00:19.263,00:00:20.760,No,No,No,Human,laughing,,
126,F.de.Vries.11_2016-04-18T18-21-49.000Z,Pim,00:00:21.146,00:00:22.546,No,No,No,Human,speech,,
126,F.de.Vries.11_2016-04-18T18-21-49.000Z,Pim,00:00:22.980,00:00:24.622,No,No,No,Human,speech,,
126,F.de.Vries.11_2016-04-18T18-21-49.000Z,Pim,00:00:24.960,00:00:26.022,No,No,Yes,Human,laughing,,
126,F.de.Vries.11_2016-04-18T18-21-49.000Z,Pim,00:00:26.649,00:00:28.001,No,No,No,Human,speech,,
126,F.de.Vries.11_2016-04-18T18-21-49.000Z,Pim,00:00:28.629,00:00:29.884,No,No,No,Human,speech,,
143,L.H.Boulogne_2016-04-19T09-50-30.000Z,Pim,00:00:17.489,00:00:21.741,No,Yes,No,Silence,,,
143,L.H.Boulogne_2016-04-19T09-50-30.000Z,Pim,00:00:17.490,00:00:21.742,No,No,No,Human,sigh,,
143,L.H.Boulogne_2016-04-19T09-50-30.000Z,Pim,00:00:23.820,00:00:24.399,No,No,No,Other,tap,,
157,m.wirthlin_2016-04-19T21-38-14.000Z,Pim,00:00:00.594,00:00:02.276,Yes,No,Yes,Noise,,,
157,m.wirthlin_2016-04-19T21-38-14.000Z,Pim,00:00:02.325,00:00:30.627,Yes,No,Yes,Other,shower,,
157,m.wirthlin_2016-04-19T21-38-14.000Z,Pim,00:00:03.958,00:00:30.627,Yes,No,Yes,Other,water draining,,
182,H.R.Beishuizen_2016-04-20T08-49-26.000Z,Pim,00:00:00.194,00:00:30.023,Yes,No,Yes,Traffic,highway,,
182,H.R.Beishuizen_2016-04-20T08-49-26.000Z,Pim,00:00:00.340,00:00:00.922,Yes,No,Yes,Noise,,,
182,H.R.Beishuizen_2016-04-20T08-49-26.000Z,Pim,00:00:00.873,00:00:02.765,Yes,No,Yes,Noise,,,
182,H.R.Beishuizen_2016-04-20T08-49-26.000Z,Pim,00:00:02.716,00:00:05.238,Yes,No,Yes,Traffic,,,
182,H.R.Beishuizen_2016-04-20T08-49-26.000Z,Pim,00:00:02.716,00:00:05.238,Yes,No,Yes,Noise,,,
182,H.R.Beishuizen_2016-04-20T08-49-26.000Z,Pim,00:00:05.384,00:00:09.361,Yes,No,Yes,Traffic,highway,,
182,H.R.Beishuizen_2016-04-20T08-49-26.000Z,Pim,00:00:05.384,00:00:09.361,Yes,No,Yes,Noise,highway,,
182,H.R.Beishuizen_2016-04-20T08-49-26.000Z,Pim,00:00:15.375,00:00:15.763,Yes,No,Yes,Other,Bang,,
182,H.R.Beishuizen_2016-04-20T08-49-26.000Z,Pim,00:00:17.801,00:00:25.658,Yes,No,No,Mechanical,Truck engine,,
182,H.R.Beishuizen_2016-04-20T08-49-26.000Z,Pim,00:00:18.189,00:00:20.177,Yes,No,No,Mechanical,Brakes,,
182,H.R.Beishuizen_2016-04-20T08-49-26.000Z,Pim,00:00:28.617,00:00:30.023,No,No,No,Human,speech,,
9,F.de.Vries.11_2016-04-15T08:25:54.000Z,Rogier,NA,NA,,,,Silence,,,
12,H.R.Beishuizen_2016-04-15T08:36:28.000Z,Rogier,00:00:01.340,00:00:01.790,1,0,1,Noise,Clap/tick,,
12,H.R.Beishuizen_2016-04-15T08:36:28.000Z,Rogier,00:00:02.360,00:00:02.810,1,0,1,Noise,Clap/tick,,
12,H.R.Beishuizen_2016-04-15T08:36:28.000Z,Rogier,00:00:02.710,00:00:09.010,0,0,0,noise,water from crane,,
12,H.R.Beishuizen_2016-04-15T08:36:28.000Z,Rogier,00:00:09.500,00:00:09.850,1,0,1,Noise,Clap/tick,,
12,H.R.Beishuizen_2016-04-15T08:36:28.000Z,Rogier,00:00:12.270,00:00:12.810,1,0,1,Noise,Clap/tick,,
12,H.R.Beishuizen_2016-04-15T08:36:28.000Z,Rogier,00:00:13.070,00:00:13.500,1,0,1,Noise,Clap/tick,,
12,H.R.Beishuizen_2016-04-15T08:36:28.000Z,Rogier,00:00:19.610,00:00:30.000,1,0,0,mechanical,waterboiler,,
14,P.van.der.Meulen.4_2016-04-15T09:19:16.000Z,Rogier,NA,NA,,,,Silence,,,
15,P.van.der.Meulen.4_2016-04-15T09:22:53.000Z,Rogier,00:00:00.800,00:00:01.260,0,1,1,Nature,Chirping bird,,
15,P.van.der.Meulen.4_2016-04-15T09:22:53.000Z,Rogier,00:00:04.130,00:00:04.480,0,1,1,Nature,Chirping bird,,
15,P.van.der.Meulen.4_2016-04-15T09:22:53.000Z,Rogier,00:00:07.240,00:00:07.600,0,1,1,Nature,Chirping bird,,
15,P.van.der.Meulen.4_2016-04-15T09:22:53.000Z,Rogier,00:00:14.970,00:00:15.460,0,1,1,Nature,Chirping bird,,
19,S.Bosch.8_2016-04-15T13:01:41.000Z,Rogier,00:00:01.520,00:00:03.500,0,0,0,Human,Foreground talk,,
19,S.Bosch.8_2016-04-15T13:01:41.000Z,Rogier,00:00:04.460,00:00:06.000,0,0,0,Human,Foreground talk,,
19,S.Bosch.8_2016-04-15T13:01:41.000Z,Rogier,00:00:06.970,00:00:07.740,0,0,0,Human,Foreground talk,,
19,S.Bosch.8_2016-04-15T13:01:41.000Z,Rogier,00:00:08.040,00:00:09.140,1,0,1,Human,Laugh foreground,,
19,S.Bosch.8_2016-04-15T13:01:41.000Z,Rogier,00:00:11.820,00:00:12.720,0,0,0,Human,Foreground talk,,
19,S.Bosch.8_2016-04-15T13:01:41.000Z,Rogier,00:00:12.860,00:00:15.480,0,0,0,Human,Foreground talk,,
19,S.Bosch.8_2016-04-15T13:01:41.000Z,Rogier,00:00:15.940,00:00:18.140,0,0,0,Human,Foreground talk,,
19,S.Bosch.8_2016-04-15T13:01:41.000Z,Rogier,00:00:21.520,00:00:21.340,1,0,1,Human,Laugh foreground,,
19,S.Bosch.8_2016-04-15T13:01:41.000Z,Rogier,00:00:27.860,00:00:29.070,0,0,0,Human,Foreground talk,,
19,S.Bosch.8_2016-04-15T13:01:41.000Z,Rogier,00:00:00.000,00:00:30.000,1,0,0,Human,Background chatter,,
54,P.van.der.Meulen.4_2016-04-16T20:56:12.000Z,Rogier,00:00:00.790,00:00:01.370,0,0,0,Other,?,,
79,m.wirthlin_2016-04-17T15:38:44.000Z,Rogier,00:00:00.550,00:00:01.110,1,0,1,Human,,,
79,m.wirthlin_2016-04-17T15:38:44.000Z,Rogier,00:00:01.370,00:00:03.780,0,0,0,Human,,,
79,m.wirthlin_2016-04-17T15:38:44.000Z,Rogier,00:00:05.510,00:00:06.410,1,0,1,Noise,,,
79,m.wirthlin_2016-04-17T15:38:44.000Z,Rogier,00:00:06.880,00:00:09.080,1,0,0,Noise,,,
79,m.wirthlin_2016-04-17T15:38:44.000Z,Rogier,00:00:09.810,00:00:10.450,1,0,1,Noise,,,
79,m.wirthlin_2016-04-17T15:38:44.000Z,Rogier,00:00:11.320,00:00:11.640,1,0,1,Noise,,,
79,m.wirthlin_2016-04-17T15:38:44.000Z,Rogier,00:00:12.960,00:00:13.310,1,0,1,Noise,,,
79,m.wirthlin_2016-04-17T15:38:44.000Z,Rogier,00:00:14.200,00:00:14.500,1,0,1,Noise,,,
79,m.wirthlin_2016-04-17T15:38:44.000Z,Rogier,00:00:22.580,00:00:24.410,1,0,1,Nature,Animal,,
86,S.Looije.2_2016-04-17T18:35:34.000Z,Rogier,NA,NA,,,,Silence,,,
89,S.Looije.2_2016-04-17T18:39:57.000Z,Rogier,NA,NA,,,,Silence,,,
96,H.R.Beishuizen_2016-04-18T05:31:29.000Z,Rogier,00:00:00.000,00:00:30.000,0,1,0,Natural,Birds Chirping,,
96,H.R.Beishuizen_2016-04-18T05:31:29.000Z,Rogier,00:00:17.500,00:00:30.000,1,0,0,Traffic,Cars background,,
102,S.Looije.2_2016-04-18T06:24:10.000Z,Rogier,00:00:02.320,00:00:02.720,0,0,0,Noise,,,
128,L.H.Boulogne_2016-04-18T19:01:03.000Z,Rogier,00:00:00.060,00:00:06.730,0,0,0,Human,Background chatter,,
128,L.H.Boulogne_2016-04-18T19:01:03.000Z,Rogier,00:00:06.700,00:00:07.600,0,0,0,Human,Laughter,,
128,L.H.Boulogne_2016-04-18T19:01:03.000Z,Rogier,00:00:07.600,00:00:12.510,0,0,0,Human,Background chatter,,
128,L.H.Boulogne_2016-04-18T19:01:03.000Z,Rogier,00:00:12.530,00:00:13.370,0,0,0,Human,Laugh foreground,,
128,L.H.Boulogne_2016-04-18T19:01:03.000Z,Rogier,00:00:13.400,00:00:30.000,0,0,0,Human,Background chatter,,
130,,Rogier,NA,NA,,,,Silence,,,
133,P.van.der.Meulen.4_2016-04-18T21:32:30.000Z,Rogier,NA,NA,,,,Silence,,,
142,L.H.Boulogne_2016-04-19T09:47:33.000Z,Rogier,NA,NA,,,,Silence,,,
152,S.Looije.2_2016-04-19T16:27:46.000Z,Rogier,NA,NA,,,,Silence,,,
156,m.wirthlin_2016-04-19T21:36:18.000Z,Rogier,00:00:27.070,00:00:28.350,1,0,1,Noise,Beeping,,
156,m.wirthlin_2016-04-19T21:36:18.000Z,Rogier,00:00:00.550,00:00:02.190,1,0,0,Noise,,,
156,m.wirthlin_2016-04-19T21:36:18.000Z,Rogier,00:00:02.200,00:00:30.000,1,0,0,Noise,,,
170,m.wirthlin_2016-04-20T07:10:45.000Z,Rogier,00:00:00.550,00:00:30.000,0,0,0,Human,Background chatter,,
172,m.wirthlin_2016-04-20T07:14:36.000Z,Rogier,00:00:00.550,00:00:07.070,0,0,0,Human,,,
172,m.wirthlin_2016-04-20T07:14:36.000Z,Rogier,00:00:08.640,00:00:30.000,0,0,0,Human,,,
181,P.R.de.Weert_2016-04-20T08:22:02.000Z,Rogier,00:00:03.210,00:00:04.560,0,0,0,Human,,,
181,P.R.de.Weert_2016-04-20T08:22:02.000Z,Rogier,00:00:05.300,00:00:06.920,0,0,0,Human,,,
181,P.R.de.Weert_2016-04-20T08:22:02.000Z,Rogier,00:00:08.500,00:00:09.400,0,0,0,Human,,,
181,P.R.de.Weert_2016-04-20T08:22:02.000Z,Rogier,00:00:10.220,00:00:10.860,0,0,0,Human,,,
181,P.R.de.Weert_2016-04-20T08:22:02.000Z,Rogier,00:00:11.070,00:00:13.380,0,0,0,Human,,,
181,P.R.de.Weert_2016-04-20T08:22:02.000Z,Rogier,00:00:14.210,00:00:14.610,1,0,1,Noise,,,
181,P.R.de.Weert_2016-04-20T08:22:02.000Z,Rogier,00:00:14.750,00:00:15.120,0,0,0,Human,,,
181,P.R.de.Weert_2016-04-20T08:22:02.000Z,Rogier,00:00:15.120,00:00:16.610,1,0,1,Noise,,,
181,P.R.de.Weert_2016-04-20T08:22:02.000Z,Rogier,00:00:17.200,00:00:20.330,0,0,0,Human,,,
181,P.R.de.Weert_2016-04-20T08:22:02.000Z,Rogier,00:00:20.330,00:00:23.210,0,0,0,Human,,,
181,P.R.de.Weert_2016-04-20T08:22:02.000Z,Rogier,00:00:23.210,00:00:23.880,0,0,0,Laughter,,,
181,P.R.de.Weert_2016-04-20T08:22:02.000Z,Rogier,00:00:23.900,00:00:25.000,0,0,0,Human,,,
181,P.R.de.Weert_2016-04-20T08:22:02.000Z,Rogier,00:00:25.110,00:00:26.940,0,0,0,Human,,,
181,P.R.de.Weert_2016-04-20T08:22:02.000Z,Rogier,00:00:27.430,00:00:28.090,0,0,0,Human,,,
181,P.R.de.Weert_2016-04-20T08:22:02.000Z,Rogier,00:00:28.130,00:00:29.580,0,0,0,Human,,,
181,P.R.de.Weert_2016-04-20T08:22:02.000Z,Rogier,00:00:29.640,00:00:30.000,0,0,0,Human,,,
184,H.R.Beishuizen_2016-04-20T08:51:21.000Z,Rogier,00:00:08.970,00:00:09.300,1,0,1,Noise,,,
184,H.R.Beishuizen_2016-04-20T08:51:21.000Z,Rogier,00:00:14.250,00:00:17.220,0,0,0,Human,,,
184,H.R.Beishuizen_2016-04-20T08:51:21.000Z,Rogier,00:00:15.890,00:00:16.250,1,0,1,Noise,,,
184,H.R.Beishuizen_2016-04-20T08:51:21.000Z,Rogier,00:00:29.410,00:00:30.920,1,0,1,Noise,,,
184,H.R.Beishuizen_2016-04-20T08:51:21.000Z,Rogier,00:00:00.550,00:00:30.920,1,0,0,Traffic,,,
197,R.Mencis_2016-04-20T13:01:19.000Z,Rogier,00:00:00.550,00:00:04.210,0,0,0,Human,,,
197,R.Mencis_2016-04-20T13:01:19.000Z,Rogier,00:00:04.180,00:00:06.550,0,0,0,Noise,,,
197,R.Mencis_2016-04-20T13:01:19.000Z,Rogier,00:00:06.610,00:00:15.090,0,0,0,Noise,,,
197,R.Mencis_2016-04-20T13:01:19.000Z,Rogier,00:00:15.220,00:00:23.040,0,0,0,Human,,,
197,R.Mencis_2016-04-20T13:01:19.000Z,Rogier,00:00:23.220,00:00:29.700,0,0,0,Human,,,
205,P.van.der.Meulen.4_2016-04-21T08:10:26.000Z,Rogier,NA,NA,,,,Silence/wind,,,
207,F.de.Vries.11_2016-04-21T08:58:47.000Z,Rogier,00:00:00.500,00:00:12.680,0,0,0,Noise,,,
207,F.de.Vries.11_2016-04-21T08:58:47.000Z,Rogier,00:00:23.690,00:00:14.230,0,0,0,Human,,,
207,F.de.Vries.11_2016-04-21T08:58:47.000Z,Rogier,00:00:15.130,00:00:15.890,0,0,0,Human,,,
207,F.de.Vries.11_2016-04-21T08:58:47.000Z,Rogier,00:00:17.180,00:00:18.930,0,0,0,Human,,,
207,F.de.Vries.11_2016-04-21T08:58:47.000Z,Rogier,00:00:23.310,00:00:23.580,0,0,0,Human,,,
207,F.de.Vries.11_2016-04-21T08:58:47.000Z,Rogier,00:00:23.950,00:00:25.280,0,0,0,Human,,,
207,F.de.Vries.11_2016-04-21T08:58:47.000Z,Rogier,00:00:26.790,00:00:28.800,0,0,0,Human,,,
207,F.de.Vries.11_2016-04-21T08:58:47.000Z,Rogier,00:00:29.020,00:00:29.390,0,0,0,Human,,,
189,H.R.Beishuizen_2016-04-20T08-56-41.000Z,Pim,00:00:00.000,00:00:30.000,Yes,No,No,Mechanical,,,
189,H.R.Beishuizen_2016-04-20T08-56-41.000Z,Pim,00:00:03.867,00:00:08.824,Yes,No,No,Traffic,Passing car,,
189,H.R.Beishuizen_2016-04-20T08-56-41.000Z,Pim,00:00:03.868,00:00:08.825,Yes,No,Yes,Traffic,Passing something,,
189,H.R.Beishuizen_2016-04-20T08-56-41.000Z,Pim,00:00:10.022,00:00:12.636,Yes,No,Yes,Traffic,Passing something,,
189,H.R.Beishuizen_2016-04-20T08-56-41.000Z,Pim,00:00:12.800,00:00:13.889,Yes,No,Yes,Mechanical,,,
189,H.R.Beishuizen_2016-04-20T08-56-41.000Z,Pim,00:00:13.780,00:00:15.305,Yes,No,Yes,Mechanical,,,
189,H.R.Beishuizen_2016-04-20T08-56-41.000Z,Pim,00:00:13.617,00:00:19.118,Yes,No,No,Traffic,Passing motercycle,,
189,H.R.Beishuizen_2016-04-20T08-56-41.000Z,Pim,00:00:19.064,00:00:20.807,Yes,No,Yes,Mechanical,,,
189,H.R.Beishuizen_2016-04-20T08-56-41.000Z,Pim,00:00:20.970,00:00:22.931,Yes,No,Yes,Mechanical,,,
198,J.Welink_2016-04-20T13-23-25.000Z,Pim,00:00:00.000,00:00:08.938,No,Yes,No,Human,Soft background chatter,,
198,J.Welink_2016-04-20T13-23-25.000Z,Pim,00:00:08.793,00:00:12.514,Yes,No,No,Traffic,Passing motercycle,,
198,J.Welink_2016-04-20T13-23-25.000Z,Pim,00:00:13.770,00:00:19.230,Yes,No,No,Traffic,Motercycle,,
198,J.Welink_2016-04-20T13-23-25.000Z,Pim,00:00:19.085,00:00:21.694,Yes,No,No,Traffic,Motercycle driving away,,
198,J.Welink_2016-04-20T13-23-25.000Z,Pim,00:00:22.853,00:00:23.433,No,No,Yes,Other,Metal ding,,
198,J.Welink_2016-04-20T13-23-25.000Z,Pim,00:00:24.061,00:00:24.544,No,No,Yes,Other,Metal ding,,
200,L.H.Boulogne_2016-04-20T13-50-54.000Z,Pim,00:00:00.000,00:00:00.869,No,No,No,Other,,,
200,L.H.Boulogne_2016-04-20T13-50-54.000Z,Pim,00:00:00.676,00:00:02.462,No,No,No,Human,soft vocal,,
200,L.H.Boulogne_2016-04-20T13-50-54.000Z,Pim,00:00:02.800,00:00:06.566,No,No,No,Human,soft vocal,,
200,L.H.Boulogne_2016-04-20T13-50-54.000Z,Pim,00:00:06.614,00:00:08.304,No,No,No,Human,soft vocal,,
200,L.H.Boulogne_2016-04-20T13-50-54.000Z,Pim,00:00:08.497,00:00:12.118,No,No,No,Human,soft vocal,,
200,L.H.Boulogne_2016-04-20T13-50-54.000Z,Pim,00:00:12.697,00:00:17.042,No,No,No,Human,soft vocal,,
200,L.H.Boulogne_2016-04-20T13-50-54.000Z,Pim,00:00:17.428,00:00:24.718,No,No,No,Human,vocal,,
200,L.H.Boulogne_2016-04-20T13-50-54.000Z,Pim,00:00:24.718,00:00:28.677,No,No,No,Human,vocal,,
200,L.H.Boulogne_2016-04-20T13-50-54.000Z,Pim,00:00:28.677,00:00:30.000,No,No,No,Human,vocal,,
218,L.H.Boulogne_2016-04-21T11-18-39.000Z,Pim,00:00:00.000,00:00:01.547,No,No,No,Human,Sigh,,
218,L.H.Boulogne_2016-04-21T11-18-39.000Z,Pim,00:00:01.341,00:00:06.757,No,No,No,Human,speech,,
218,L.H.Boulogne_2016-04-21T11-18-39.000Z,Pim,00:00:06.860,00:00:07.737,No,No,No,Human,speech,,
218,L.H.Boulogne_2016-04-21T11-18-39.000Z,Pim,00:00:07.737,00:00:12.998,No,No,No,Human,speech,,
218,L.H.Boulogne_2016-04-21T11-18-39.000Z,Pim,00:00:12.895,00:00:13.565,Yes,No,Yes,Other,Bump,,
218,L.H.Boulogne_2016-04-21T11-18-39.000Z,Pim,00:00:13.514,00:00:18.775,No,No,No,Human,Sigh,,
218,L.H.Boulogne_2016-04-21T11-18-39.000Z,Pim,00:00:13.978,00:00:14.545,No,No,No,Noise,,,
218,L.H.Boulogne_2016-04-21T11-18-39.000Z,Pim,00:00:14.494,00:00:18.465,No,No,No,Human,speech,,
218,L.H.Boulogne_2016-04-21T11-18-39.000Z,Pim,00:00:15.525,00:00:15.990,No,No,Yes,Other,Bump,,
218,L.H.Boulogne_2016-04-21T11-18-39.000Z,Pim,00:00:17.434,00:00:17.846,Yes,No,Yes,Other,Click,,
218,L.H.Boulogne_2016-04-21T11-18-39.000Z,Pim,00:00:20.786,00:00:23.572,No,No,No,Human,speech,,
218,L.H.Boulogne_2016-04-21T11-18-39.000Z,Pim,00:00:23.572,00:00:24.036,Yes,No,Yes,Other,Click,,
218,L.H.Boulogne_2016-04-21T11-18-39.000Z,Pim,00:00:24.036,00:00:24.655,No,No,Yes,Other,Clap,,
218,L.H.Boulogne_2016-04-21T11-18-39.000Z,Pim,00:00:25.067,00:00:25.635,No,No,No,Human,speech,,
218,L.H.Boulogne_2016-04-21T11-18-39.000Z,Pim,00:00:25.635,00:00:26.202,No,No,Yes,Other,Clap,,
218,L.H.Boulogne_2016-04-21T11-18-39.000Z,Pim,00:00:28.833,00:00:31.927,No,No,No,Human,speech,,
240,m.wirthlin_2016-04-21T21-27-52.000Z,Pim,00:00:02.725,00:00:30.116,No,Yes,No,Other,Water sounds,,
240,m.wirthlin_2016-04-21T21-27-52.000Z,Pim,00:00:02.481,00:00:03.211,No,No,No,Other,Scraping sound,,
240,m.wirthlin_2016-04-21T21-27-52.000Z,Pim,00:00:00.585,00:00:01.996,Yes,No,No,Noise,,,
241,m.wirthlin_2016-04-21T21-28-59.000Z,Pim,00:00:00.541,00:00:02.116,Yes,No,Yes,Noise,,,
241,m.wirthlin_2016-04-21T21-28-59.000Z,Pim,00:00:02.264,00:00:20.375,No,Yes,No,Other,Water sounds,,
241,m.wirthlin_2016-04-21T21-28-59.000Z,Pim,00:00:20.375,00:00:20.966,No,No,Yes,Other,Scaping sound,,
241,m.wirthlin_2016-04-21T21-28-59.000Z,Pim,00:00:20.917,00:00:22.738,No,No,No,Other,Gurgling noise,,
241,m.wirthlin_2016-04-21T21-28-59.000Z,Pim,00:00:23.033,00:00:30.465,No,No,No,Other,Soft humming,,
243,H.R.Beishuizen_2016-04-22T05-32-48.000Z,Pim,00:00:00.196,00:00:01.569,Yes,No,No,Traffic,Car,,
243,H.R.Beishuizen_2016-04-22T05-32-48.000Z,Pim,00:00:01.863,00:00:04.903,Yes,No,No,Traffic,Car passing by,,
243,H.R.Beishuizen_2016-04-22T05-32-48.000Z,Pim,00:00:05.295,00:00:10.835,Yes,No,No,Traffic,Car passing by,,
243,H.R.Beishuizen_2016-04-22T05-32-48.000Z,Pim,00:00:11.031,00:00:30.348,No,Yes,No,Nature,Birds,,
243,H.R.Beishuizen_2016-04-22T05-32-48.000Z,Pim,00:00:11.276,00:00:16.326,Yes,No,No,Traffic,Car,,
247,T.R.Janssen_2016-04-22T10-57-42.000Z,Pim,00:00:00.000,00:00:26.670,No,No,No,Traffic,Sounds from inside bus,,
247,T.R.Janssen_2016-04-22T10-57-42.000Z,Pim,00:00:15.606,00:00:18.022,Yes,No,No,Other,Alarm,,
247,T.R.Janssen_2016-04-22T10-57-42.000Z,Pim,00:00:17.877,00:00:18.505,No,No,No,Other,Closing door,,
247,T.R.Janssen_2016-04-22T10-57-42.000Z,Pim,00:00:26.574,00:00:30.101,Yes,No,No,Mechanical,Engine revving,,
66,P.van.der.Meulen.4_2016-04-17T12:48:56.000Z,Steven,00:00:03.537,00:00:07.444,No,No,No,Other,Broom,,
66,P.van.der.Meulen.4_2016-04-17T12:48:56.000Z,Steven,00:00:17.889,00:00:18.626,No,Yes,No,Nature,Birds,,
66,P.van.der.Meulen.4_2016-04-17T12:48:56.000Z,Steven,00:00:21.015,00:00:21.892,No,Yes,No,Nature,Birds,,
71,H.R.Beishuizen_2016-04-17T15:00:09.000Z,Steven,00:00:08.884,00:00:13.000,No,Yes,No,Nature,Birds,,
71,H.R.Beishuizen_2016-04-17T15:00:09.000Z,Steven,00:00:09.796,00:00:23.791,Yes,No,No,Traffic,Car,,
71,H.R.Beishuizen_2016-04-17T15:00:09.000Z,Steven,00:00:24.923,00:00:26.172,No,No,No,Human,Speech,,
71,H.R.Beishuizen_2016-04-17T15:00:09.000Z,Steven,00:00:26.508,00:00:27.900,No,Yes,No,Nature,Birds,,
75,m.wirthlin_2016-04-17T15:19:24.000Z,Steven,00:00:00.000,00:00:31.951,Yes,No,No,Noise,Noise/wind/microphone,,
75,m.wirthlin_2016-04-17T15:19:24.000Z,Steven,00:00:00.000,00:00:31.951,Yes,No,No,Human,Speech,,
75,m.wirthlin_2016-04-17T15:19:24.000Z,Steven,00:00:15.777,00:00:23.033,Yes,No,No,Traffic,Scooter,,
75,m.wirthlin_2016-04-17T15:19:24.000Z,Steven,00:00:27.303,00:00:30.114,Yes,No,No,Traffic,Scooter,,
90,T.R.Janssen_2016-04-17T19:05:57.000Z,Steven,00:00:00.000,00:00:30.231,No,No,No,Other,Ticking/clock,,
92,S.Bosch.8_2016-04-17T19:27:57.000Z,Steven,00:00:00.000,00:00:05.696,No,No,No,Human,Speech,,
92,S.Bosch.8_2016-04-17T19:27:57.000Z,Steven,00:00:08.498,00:00:09.683,No,No,No,Human,Speech,,
92,S.Bosch.8_2016-04-17T19:27:57.000Z,Steven,00:00:10.599,00:00:11.206,No,No,No,Human,Speech,,
92,S.Bosch.8_2016-04-17T19:27:57.000Z,Steven,00:00:11.860,00:00:13.400,No,No,No,Human,Speech,,
92,S.Bosch.8_2016-04-17T19:27:57.000Z,Steven,00:00:14.661,00:00:16.902,No,No,No,Human,Speech,,
92,S.Bosch.8_2016-04-17T19:27:57.000Z,Steven,00:00:15.408,00:00:16.902,No,No,No,Human,Yawn,,
92,S.Bosch.8_2016-04-17T19:27:57.000Z,Steven,00:00:18.023,00:00:19.497,No,No,No,Human,Yawn,,
92,S.Bosch.8_2016-04-17T19:27:57.000Z,Steven,00:00:18.023,00:00:19.497,No,No,No,Human,Speech,,
92,S.Bosch.8_2016-04-17T19:27:57.000Z,Steven,00:00:19.710,00:00:20.631,No,No,No,Human,Speech,,
92,S.Bosch.8_2016-04-17T19:27:57.000Z,Steven,00:00:21.385,00:00:22.645,No,No,No,Human,Speech,,
92,S.Bosch.8_2016-04-17T19:27:57.000Z,Steven,00:00:22.785,00:00:24.046,No,No,No,Human,Speech,,
92,S.Bosch.8_2016-04-17T19:27:57.000Z,Steven,00:00:29.136,00:00:30.163,No,No,No,Human,Speech,,
94,H.R.Beishuizen_2016-04-18T04:22:24.000Z,Steven,00:00:01.859,00:00:04.787,Yes,No,No,Other,Scraping,,
98,H.R.Beishuizen_2016-04-18T05:40:52.000Z,Steven,00:00:00.000,00:00:31.577,Yes,No,No,Mechanical,Motor,,
98,H.R.Beishuizen_2016-04-18T05:40:52.000Z,Steven,00:00:00.000,00:00:31.577,Yes,No,No,Human,Speech,,
108,P.R.de.Weert_2016-04-18T06:55:59.000Z,Steven,00:00:00.787,00:00:29.861,Yes,No,No,Traffic,Traffic,,
108,P.R.de.Weert_2016-04-18T06:55:59.000Z,Steven,00:00:13.518,00:00:15.124,Yes,No,No,Human,Speech,,
108,P.R.de.Weert_2016-04-18T06:55:59.000Z,Steven,00:00:24.120,00:00:24.793,Yes,No,Yes,Other,Bike standard,,
110,J.van.de.Wolfshaar_2016-04-18T06:59:15.000Z,Steven,00:00:00.231,00:00:07.448,No,No,No,Human,Speech,,
110,J.van.de.Wolfshaar_2016-04-18T06:59:15.000Z,Steven,00:00:07.957,00:00:13:647,Yes,No,Yes,Mechanical,,,
110,J.van.de.Wolfshaar_2016-04-18T06:59:15.000Z,Steven,00:00:08.743,00:00:24.661,Yes,No,No,Human,Speech,,
110,J.van.de.Wolfshaar_2016-04-18T06:59:15.000Z,Steven,00:00:26.461,00:00:29:838,Yes,No,Yes,Mechanical,,,
132,NA,NA,NA,NA,NA,NA,NA,NA,NA,,
144,P.van.der.Meulen.4_2016-04-19T09:52:44.000Z,Steven,00:00:02.234,00:00:03.116,Yes,No,Yes,Other,Clap,,
144,P.van.der.Meulen.4_2016-04-19T09:52:44.000Z,Steven,00:00:07.818,00:00:08.644,Yes,No,Yes,Other,Backspace bashing,,
149,J.van.de.Wolfshaar_2016-04-19T14:00:47.000Z,Steven,00:00:00.000,00:00:29.838,No,No,No,Human,Speech,,
149,J.van.de.Wolfshaar_2016-04-19T14:00:47.000Z,Steven,00:00:00.000,00:00:29.838,No,No,No,Other,TV,,
219,P.van.der.Meulen.4_2016-04-21T11:19:16.000Z,Rogier,00:00:00.144,00:00:00.491,0,0,0,Human,,,
219,P.van.der.Meulen.4_2016-04-21T11:19:16.000Z,Rogier,00:00:00.817,00:00:01.022,1,0,1,Noise,Clap,,
219,P.van.der.Meulen.4_2016-04-21T11:19:16.000Z,Rogier,00:00:01.763,00:00:02.756,0,0,0,Human,,,
219,P.van.der.Meulen.4_2016-04-21T11:19:16.000Z,Rogier,00:00:02.945,00:00:03.035,1,0,1,Noise,Thump,,
219,P.van.der.Meulen.4_2016-04-21T11:19:16.000Z,Rogier,00:00:05.860,00:00:06.805,0,0,0,Human,,,
219,P.van.der.Meulen.4_2016-04-21T11:19:16.000Z,Rogier,00:00:07.719,00:00:08.151,0,0,0,Human,,,
219,P.van.der.Meulen.4_2016-04-21T11:19:16.000Z,Rogier,00:00:09.900,00:00:10.207,1,0,1,Noise,,,
219,P.van.der.Meulen.4_2016-04-21T11:19:16.000Z,Rogier,00:00:10.217,00:00:10.429,1,0,1,Noise,,,
219,P.van.der.Meulen.4_2016-04-21T11:19:16.000Z,Rogier,00:00:10.450,00:00:10.505,1,0,1,Noise,,,
219,P.van.der.Meulen.4_2016-04-21T11:19:16.000Z,Rogier,00:00:10.803,00:00:12.485,0,0,0,Human,,,
219,P.van.der.Meulen.4_2016-04-21T11:19:16.000Z,Rogier,00:00:13.345,00:00:13.800,1,0,1,Noise,Telephone,,
219,P.van.der.Meulen.4_2016-04-21T11:19:16.000Z,Rogier,00:00:15.660,00:00:15.760,1,0,1,Noise,Tick,,
219,P.van.der.Meulen.4_2016-04-21T11:19:16.000Z,Rogier,00:00:16.000,00:00:16.243,1,0,1,Noise,Beep,,
219,P.van.der.Meulen.4_2016-04-21T11:19:16.000Z,Rogier,00:00:17.780,00:00:18.255,1,0,1,Noise,Beep,,
219,P.van.der.Meulen.4_2016-04-21T11:19:16.000Z,Rogier,00:00:18.269,00:00:18.600,1,0,1,Noise,Boom,,
219,P.van.der.Meulen.4_2016-04-21T11:19:16.000Z,Rogier,00:00:18.965,00:00:19.620,1,0,1,Noise,Beep,,
219,P.van.der.Meulen.4_2016-04-21T11:19:16.000Z,Rogier,00:00:19.700,00:00:21.850,0,0,0,Human,,,
219,P.van.der.Meulen.4_2016-04-21T11:19:16.000Z,Rogier,00:00:22.270,00:00:23.250,0,0,0,Human,,,
219,P.van.der.Meulen.4_2016-04-21T11:19:16.000Z,Rogier,00:00:23.750,00:00:27.750,0,0,0,Human,,,
219,P.van.der.Meulen.4_2016-04-21T11:19:16.000Z,Rogier,00:00:27.700,00:00:30.000,0,0,0,Human,,,
219,P.van.der.Meulen.4_2016-04-21T11:19:16.000Z,Rogier,00:00:30.280,00:00:30.900,1,0,1,Noise,Beep,,
219,P.van.der.Meulen.4_2016-04-21T11:19:16.000Z,Rogier,00:00:31.590,00:00:32.100,1,0,1,Noise,Beep,,
221,J.Welink_2016-04-21T11:28:03.000Z,Rogier,00:00:00.270,00:00:01.000,0,0,0,Human,,,
221,J.Welink_2016-04-21T11:28:03.000Z,Rogier,00:00:02.300,00:00:05.000,0,0,0,Human,,,
221,J.Welink_2016-04-21T11:28:03.000Z,Rogier,00:00:05.850,00:00:08.980,0,0,0,Human,,,
221,J.Welink_2016-04-21T11:28:03.000Z,Rogier,00:00:09.060,00:00:09.170,1,0,1,Noise,Clap,,
221,J.Welink_2016-04-21T11:28:03.000Z,Rogier,00:00:11.000,00:00:15.100,0,0,0,Human,,,
221,J.Welink_2016-04-21T11:28:03.000Z,Rogier,00:00:18.360,00:00:21.650,1,0,0,Noise,Drumming,,
228,S.Bosch.8_2016-04-21T16:59:57.000Z,Rogier,00:00:01.900,00:00:02.270,0,0,0,Noise,,,
228,S.Bosch.8_2016-04-21T16:59:57.000Z,Rogier,00:00:28.260,00:00:28.950,1,0,1,Noise,,,
233,,Rogier,NA,NA,,,,Silence,,,
238,R.Mencis_2016-04-21T08:51:21.000Z,Rogier,00:00:00.550,00:00:03.540,0,0,0,Noise,Wind,,
238,R.Mencis_2016-04-21T08:51:21.000Z,Rogier,00:00:05.490,00:00:06.110,0,0,0,Noise,Wind,,
238,R.Mencis_2016-04-21T08:51:21.000Z,Rogier,00:00:06.620,00:00:12.320,0,0,0,Noise,Wind,,
238,R.Mencis_2016-04-21T08:51:21.000Z,Rogier,00:00:15.650,00:00:16.530,0,0,0,Noise,Wind,,
238,R.Mencis_2016-04-21T08:51:21.000Z,Rogier,00:00:20.650,00:00:20.800,1,0,1,Noise,Thump,,
246,P.van.der.Meulen.4_2016-04-22T09:30:08.000Z,Rogier,NA,NA,,,,,,,
269,F.de.Vries.11_2016-04-23T12:01:07.000Z,Rogier,00:00:12.570,00:00:19.650,1,0,0,Traffic,,,
269,F.de.Vries.11_2016-04-23T12:01:07.000Z,Rogier,00:00:00.550,00:00:12.570,1,0,0,Traffic,,,
269,F.de.Vries.11_2016-04-23T12:01:07.000Z,Rogier,00:00:19.650,00:00:25.690,1,0,0,Traffic,,,
269,F.de.Vries.11_2016-04-23T12:01:07.000Z,Rogier,00:00:25.690,00:00:29.860,1,0,0,Traffic,,,
279,F.de.Vries.11_2016-04-23T12:35:54.000Z,Rogier,00:00:06.200,00:00:23.500,1,0,0,Traffic,,,
281,L.H.Boulogne_2016-04-23T13:47:45.000Z,Rogier,00:00:03.370,00:00:03.700,0,0,0,Noise,,,
281,L.H.Boulogne_2016-04-23T13:47:45.000Z,Rogier,00:00:06.095,00:00:06.500,0,0,0,Noise,,,
281,L.H.Boulogne_2016-04-23T13:47:45.000Z,Rogier,00:00:06.755,00:00:07.200,0,0,0,Noise,,,
281,L.H.Boulogne_2016-04-23T13:47:45.000Z,Rogier,00:00:08.275,00:00:08.549,0,0,0,Noise,,,
281,L.H.Boulogne_2016-04-23T13:47:45.000Z,Rogier,00:00:12.891,00:00:13.276,0,0,0,Noise,,,
281,L.H.Boulogne_2016-04-23T13:47:45.000Z,Rogier,00:00:25.172,00:00:25.498,0,0,0,Noise,,,
281,L.H.Boulogne_2016-04-23T13:47:45.000Z,Rogier,00:00:25.650,00:00:26.200,0,0,0,Noise,,,
281,L.H.Boulogne_2016-04-23T13:47:45.000Z,Rogier,00:00:28.000,00:00:28.270,0,0,0,Noise,,,
296,F.de.Vries.11_2016-04-24T14:45:10.000Z,Rogier,00:00:05.460,00:00:11.320,1,0,0,Traffic,,,
303,F.de.Vries.11_2016-04-24T14:56:23.000Z,Rogier,00:00:00.550,00:00:16.000,1,0,0,Noise,,,
303,F.de.Vries.11_2016-04-24T14:56:23.000Z,Rogier,00:00:10.620,00:00:11.500,1,0,0,Noise,beep,,
303,F.de.Vries.11_2016-04-24T14:56:23.000Z,Rogier,00:00:16.000,00:00:37.500,1,0,0,Traffic,,,
365,J.Welink_2016-04-25T11:13:26.000Z,Rogier,00:00:03.200,00:00:13.600,0,0,0,Noise,wind,,
365,J.Welink_2016-04-25T11:13:26.000Z,Rogier,00:00:16.000,00:00:20.500,1,0,0,Traffic,,,
365,J.Welink_2016-04-25T11:13:26.000Z,Rogier,00:00:26.000,00:00:29.900,1,0,0,Traffic,,,
371,J.Welink_2016-04-25T11:29:48.000Z,Rogier,00:00:00.100,00:00:01.800,1,0,0,Traffic,,,
371,J.Welink_2016-04-25T11:29:48.000Z,Rogier,00:00:07.000,00:00:10.150,1,0,0,Traffic,,,
371,J.Welink_2016-04-25T11:29:48.000Z,Rogier,00:00:10.500,00:00:31.000,1,0,0,Noise,,,
372,J.Welink_2016-04-25T11:32:18.000Z,Rogier,00:00:20.700,00:00:31.900,1,0,0,Traffic,,,
384,C.D.A.Wieringa_2016-04-25T12:17:39.000Z,Rogier,00:00:04.150,00:00:05.190,0,0,0,Noise,wind,,
384,C.D.A.Wieringa_2016-04-25T12:17:39.000Z,Rogier,00:00:05.560,00:00:06.350,0,0,0,Noise,wind,,
384,C.D.A.Wieringa_2016-04-25T12:17:39.000Z,Rogier,00:00:06.750,00:00:07.450,0,0,0,Noise,wind,,
384,C.D.A.Wieringa_2016-04-25T12:17:39.000Z,Rogier,00:00:08.150,00:00:08.570,0,0,0,Noise,wind,,
384,C.D.A.Wieringa_2016-04-25T12:17:39.000Z,Rogier,00:00:08.750,00:00:09.670,0,0,0,Noise,wind,,
384,C.D.A.Wieringa_2016-04-25T12:17:39.000Z,Rogier,00:00:11.130,00:00:16.030,0,0,0,Noise,wind,,
384,C.D.A.Wieringa_2016-04-25T12:17:39.000Z,Rogier,00:00:16.500,00:00:19.670,0,0,0,Noise,wind,,
384,C.D.A.Wieringa_2016-04-25T12:17:39.000Z,Rogier,00:00:20.890,00:00:25.520,0,0,0,Noise,wind,,
384,C.D.A.Wieringa_2016-04-25T12:17:39.000Z,Rogier,00:00:22.320,00:00:23.620,0,0,0,Noise,wind,,
384,C.D.A.Wieringa_2016-04-25T12:17:39.000Z,Rogier,00:00:28.680,00:00:31.880,0,0,0,Noise,wind,,
391,L.H.Boulogne_2016-04-25T19:24:05.000Z,Rogier,00:00:01.280,00:00:09.590,0,1,1,Music,,,
391,L.H.Boulogne_2016-04-25T19:24:05.000Z,Rogier,00:00:09.590,00:00:29.880,0,1,0,Music,,,
393,M.Sabatelli_2016-04-25T19:54:05.000Z,Rogier,00:00:00.360,00:00:30.000,0,0,0,Human,,,
393,M.Sabatelli_2016-04-25T19:54:05.000Z,Rogier,00:00:03.950,00:00:07.900,1,0,0,Music,,,
393,M.Sabatelli_2016-04-25T19:54:05.000Z,Rogier,00:00:10.030,00:00:30.000,0,1,0,Music,,,
393,M.Sabatelli_2016-04-25T19:54:05.000Z,Rogier,00:00:23.660,00:00:24.500,1,0,0,Noise,Bell,,
430,M.Sabatelli_2016-04-26T16:40:08.000Z,Rogier,00:00:00.430,00:00:30.000,0,1,0,Music,,,
431,L.H.Boulogne_2016-04-26T17:48:05.000Z,Rogier,00:00:05.440,00:00:05.850,1,0,0,Noise,Beep / Rubber duck squeeze,,
431,L.H.Boulogne_2016-04-26T17:48:05.000Z,Rogier,00:00:08.040,00:00:08.490,1,0,1,Noise,Beep / Rubber duck squeeze,,
431,L.H.Boulogne_2016-04-26T17:48:05.000Z,Rogier,00:00:08.995,00:00:09.320,1,0,1,Noise,Beep / Rubber duck squeeze,,
431,L.H.Boulogne_2016-04-26T17:48:05.000Z,Rogier,00:00:10.660,00:00:10.960,1,0,1,Noise,Beep / Rubber duck squeeze,,
431,L.H.Boulogne_2016-04-26T17:48:05.000Z,Rogier,00:00:11.160,00:00:11.450,1,0,1,Noise,Beep / Rubber duck squeeze,,
431,L.H.Boulogne_2016-04-26T17:48:05.000Z,Rogier,00:00:13.350,00:00:14.070,1,0,1,Noise,Beep / Rubber duck squeeze,,
431,L.H.Boulogne_2016-04-26T17:48:05.000Z,Rogier,00:00:19.496,00:00:19.800,1,0,1,Noise,Beep / Rubber duck squeeze,,
431,L.H.Boulogne_2016-04-26T17:48:05.000Z,Rogier,00:00:25.268,00:00:25.571,1,0,1,Noise,Beep / Rubber duck squeeze,,
431,L.H.Boulogne_2016-04-26T17:48:05.000Z,Rogier,00:00:26.130,00:00:26.440,1,0,1,Noise,Beep / Rubber duck squeeze,,
431,L.H.Boulogne_2016-04-26T17:48:05.000Z,Rogier,00:00:27.130,00:00:29.476,1,0,1,Noise,Beep / Rubber duck squeeze,,
431,L.H.Boulogne_2016-04-26T17:48:05.000Z,Rogier,00:00:00.570,00:00:02.790,0,0,0,Human,,,
431,L.H.Boulogne_2016-04-26T17:48:05.000Z,Rogier,00:00:03.780,00:00:06.960,0,0,0,Human,,,
431,L.H.Boulogne_2016-04-26T17:48:05.000Z,Rogier,00:00:07.110,00:00:07.510,0,0,0,Human,,,
431,L.H.Boulogne_2016-04-26T17:48:05.000Z,Rogier,00:00:09.930,00:00:11.590,0,0,0,Human,,,
431,L.H.Boulogne_2016-04-26T17:48:05.000Z,Rogier,00:00:12.016,00:00:16.505,0,0,0,Human,,,
431,L.H.Boulogne_2016-04-26T17:48:05.000Z,Rogier,00:00:16.860,00:00:20.820,0,0,0,Human,,,
431,L.H.Boulogne_2016-04-26T17:48:05.000Z,Rogier,00:00:21.120,00:00:21.600,0,0,0,Human,,,
431,L.H.Boulogne_2016-04-26T17:48:05.000Z,Rogier,00:00:22.260,00:00:24.950,0,0,0,Human,,,
431,L.H.Boulogne_2016-04-26T17:48:05.000Z,Rogier,00:00:25.610,00:00:26.190,0,0,0,Human,,,
446,L.H.Boulogne_2016-04-27T08:50:37.000Z,Rogier,NA,NA,,,,Silence,,Silence,
447,M.Sabatelli_2016-04-27T08:27:33.000Z,Rogier,00:00:00.350,00:00:31.000,0,1,0,Nature,,,
447,M.Sabatelli_2016-04-27T08:27:33.000Z,Rogier,00:00:00.350,00:00:31.000,0,1,0,Music,,,
469,X.L.X.Stokkel_2016-04-27T14:04:37.000Z,Rogier,00:00:04.950,00:00:05.210,0,0,0,Noise,,,
469,X.L.X.Stokkel_2016-04-27T14:04:37.000Z,Rogier,00:00:09.693,00:00:09.767,0,0,0,Noise,,,
474,M.Sabatelli_2016-04-27T18:04:39.000Z,Rogier,00:00:11.100,00:00:30.000,1,0,0,Noise,,,
474,M.Sabatelli_2016-04-27T18:04:39.000Z,Rogier,00:00:02.670,00:00:10.520,1,0,0,Noise,,,
476,H.R.Beishuizen_2016-04-28T07:35:02.000Z,Rogier,00:00:00.550,00:00:11.500,1,0,0,Traffic,,,
476,H.R.Beishuizen_2016-04-28T07:35:02.000Z,Rogier,00:00:08.000,00:00:30.000,0,1,0,Nature,,,
480,S.Bosch.8_2016-04-28T08:36:59.000Z,Rogier,00:00:01.800,00:00:04.850,1,0,0,Noise,,,
480,S.Bosch.8_2016-04-28T08:36:59.000Z,Rogier,00:00:05.850,00:00:07.000,1,0,0,Noise,,,
480,S.Bosch.8_2016-04-28T08:36:59.000Z,Rogier,00:00:09.680,00:00:11.470,1,0,0,noise,,,
480,S.Bosch.8_2016-04-28T08:36:59.000Z,Rogier,00:00:11.960,00:00:12.604,1,0,0,noise,,,
480,S.Bosch.8_2016-04-28T08:36:59.000Z,Rogier,00:00:12.980,00:00:16.158,1,0,0,noise,,,
480,S.Bosch.8_2016-04-28T08:36:59.000Z,Rogier,00:00:17.650,00:00:18.340,1,0,0,noise,,,
480,S.Bosch.8_2016-04-28T08:36:59.000Z,Rogier,00:00:20.400,00:00:22.550,1,0,0,noise,,,
480,S.Bosch.8_2016-04-28T08:36:59.000Z,Rogier,00:00:23.360,00:00:24.570,1,0,0,noise,,,
480,S.Bosch.8_2016-04-28T08:36:59.000Z,Rogier,00:00:25.540,00:00:26.560,1,0,0,noise,,,
480,S.Bosch.8_2016-04-28T08:36:59.000Z,Rogier,00:00:27.350,00:00:27.960,1,0,0,noise,,,
483,S.Bosch.8_2016-04-28T08:38:34.000Z,Rogier,00:00:12.000,00:00:18.000,1,0,0,Traffic,,,
483,S.Bosch.8_2016-04-28T08:38:34.000Z,Rogier,00:00:18.000,00:00:31.000,1,0,0,noise,,,
167,P.van.der.Meulen.4_2016-04-20T06:58:26.000Z,Steven,00:00:00.000,00:00:26.099,No,No,o,Human,Speech,,
167,P.van.der.Meulen.4_2016-04-20T06:58:26.000Z,Steven,00:00:26.471,00:00:27.353,No,No,Yes,Other,Clap,,
167,P.van.der.Meulen.4_2016-04-20T06:58:26.000Z,Steven,00:00:27.353,00:00:27.927,No,No,Yes,Other,Snif,,
167,P.van.der.Meulen.4_2016-04-20T06:58:26.000Z,Steven,00:00:09.195,00:00:09.450,Yes,No,Yes,Other,Microphone,,
167,P.van.der.Meulen.4_2016-04-20T06:58:26.000Z,Steven,00:00:10.681,00:00:11.400,Yes,No,Yes,Other,Microphone,,
183,F.de.Vries.11_2016-04-20T08:50:52.000Z,Steven,00:00:00.463,00:00:29.861,Yes,No,No,Traffic,Traffic,,
183,F.de.Vries.11_2016-04-20T08:50:52.000Z,Steven,00:00:09.583,00:00:10.879,Yes,No,No,Nature,Bird,,
183,F.de.Vries.11_2016-04-20T08:50:52.000Z,Steven,00:00:10.324,00:00:16.079,Yes,No,No,Humans,Speech,,
183,F.de.Vries.11_2016-04-20T08:50:52.000Z,Steven,00:00:27.500,00:00:29.894,Yes,No,No,Other,Padlock,,
255,L.H.Boulogne_2016-04-22T19-10-49.000Z,Pim,00:00:00,00:00:30,No,No,No,Human,vocal,,
255,L.H.Boulogne_2016-04-22T19-10-49.000Z,Pim,00:00:01,00:00:03,No,No,No,Human,vocal,,
255,L.H.Boulogne_2016-04-22T19-10-49.000Z,Pim,00:00:03,00:00:04,No,No,No,Human,vocal,,
255,L.H.Boulogne_2016-04-22T19-10-49.000Z,Pim,00:00:04,00:00:30,No,Yes,No,Music,,,
255,L.H.Boulogne_2016-04-22T19-10-49.000Z,Pim,00:00:12,00:00:14,No,No,No,Human,laughing,,
255,L.H.Boulogne_2016-04-22T19-10-49.000Z,Pim,00:00:14,00:00:14,No,No,No,Human,laughing,,
255,L.H.Boulogne_2016-04-22T19-10-49.000Z,Pim,00:00:15,00:00:16,No,No,No,Human,laughing,,
255,L.H.Boulogne_2016-04-22T19-10-49.000Z,Pim,00:00:19,00:00:21,No,No,No,Human,laughing,,
259,m.wirthlin_2016-04-23T10-21-55.000Z,Pim,00:00:00,00:00:01,Yes,No,Yes,Noise,,,
259,m.wirthlin_2016-04-23T10-21-55.000Z,Pim,00:00:04,00:00:04,No,No,Yes,Other,squeek,,
259,m.wirthlin_2016-04-23T10-21-55.000Z,Pim,00:00:05,00:00:05,No,No,No,Other,Bump,,
259,m.wirthlin_2016-04-23T10-21-55.000Z,Pim,00:00:05,00:00:06,No,No,No,Other,Key press,,
259,m.wirthlin_2016-04-23T10-21-55.000Z,Pim,00:00:06,00:00:06,No,No,Yes,Other,Key press,,
259,m.wirthlin_2016-04-23T10-21-55.000Z,Pim,00:00:07,00:00:07,No,No,No,Other,Key press,,
259,m.wirthlin_2016-04-23T10-21-55.000Z,Pim,00:00:09,00:00:09,No,No,No,Other,Key press,,
259,m.wirthlin_2016-04-23T10-21-55.000Z,Pim,00:00:09,00:00:10,Yes,No,Yes,Noise,,,
259,m.wirthlin_2016-04-23T10-21-55.000Z,Pim,00:00:11,00:00:11,Yes,No,Yes,Noise,,,
259,m.wirthlin_2016-04-23T10-21-55.000Z,Pim,00:00:12,00:00:13,Yes,No,Yes,Noise,,,
259,m.wirthlin_2016-04-23T10-21-55.000Z,Pim,00:00:12,00:00:13,Yes,No,Yes,Other,Click,,
259,m.wirthlin_2016-04-23T10-21-55.000Z,Pim,00:00:14,00:00:14,No,No,No,Mechanical,,,
259,m.wirthlin_2016-04-23T10-21-55.000Z,Pim,00:00:15,00:00:16,Yes,No,Yes,Noise,,,
259,m.wirthlin_2016-04-23T10-21-55.000Z,Pim,00:00:15,00:00:16,No,No,No,Other,Grinding noise,,
259,m.wirthlin_2016-04-23T10-21-55.000Z,Pim,00:00:18,00:00:18,Yes,No,No,Noise,,,
259,m.wirthlin_2016-04-23T10-21-55.000Z,Pim,00:00:19,00:00:20,Yes,No,No,Noise,,,
259,m.wirthlin_2016-04-23T10-21-55.000Z,Pim,00:00:21,00:00:21,Yes,No,Yes,Other,Slap,,
259,m.wirthlin_2016-04-23T10-21-55.000Z,Pim,00:00:23,00:00:24,Yes,No,No,Noise,,,
259,m.wirthlin_2016-04-23T10-21-55.000Z,Pim,00:00:25,00:00:25,No,No,No,Human,grunt,,
259,m.wirthlin_2016-04-23T10-21-55.000Z,Pim,00:00:27,00:00:27,No,No,No,Other,click,,
259,m.wirthlin_2016-04-23T10-21-55.000Z,Pim,00:00:29,00:00:30,No,No,No,Other,tick,,
268,F.de.Vries.11_2016-04-23T11-59-42.000Z,Pim,00:00:09,00:00:11,Yes,No,No,Traffic,passing car,,
268,F.de.Vries.11_2016-04-23T11-59-42.000Z,Pim,00:00:11,00:00:14,Yes,No,No,Traffic,Passing motercycle,,
268,F.de.Vries.11_2016-04-23T11-59-42.000Z,Pim,00:00:14,00:00:18,Yes,No,No,Traffic,passing car,,
268,F.de.Vries.11_2016-04-23T11-59-42.000Z,Pim,00:00:18,00:00:25,Yes,No,No,Traffic,passing car,,
268,F.de.Vries.11_2016-04-23T11-59-42.000Z,Pim,00:00:26,00:00:27,No,No,No,Human,speech,,
268,F.de.Vries.11_2016-04-23T11-59-42.000Z,Pim,00:00:29,00:00:30,Yes,No,No,Traffic,passing car,,
268,F.de.Vries.11_2016-04-23T11-59-42.000Z,Pim,00:00:09,00:00:11,Yes,No,No,Traffic,Passing motercycle,,
301,F.de.Vries.11_2016-04-24T14-53-03.000Z,Pim,00:00:01,00:00:36,No,No,No,Other,Footsteps,,
301,F.de.Vries.11_2016-04-24T14-53-03.000Z,Pim,00:00:07,00:00:07,No,No,No,Nature,Birds,,
301,F.de.Vries.11_2016-04-24T14-53-03.000Z,Pim,00:00:09,00:00:09,Yes,No,Yes,Noise,,,
301,F.de.Vries.11_2016-04-24T14-53-03.000Z,Pim,00:00:10,00:00:11,No,No,No,Nature,Birds,,
301,F.de.Vries.11_2016-04-24T14-53-03.000Z,Pim,00:00:12,00:00:15,Yes,No,Yes,Noise,,,
301,F.de.Vries.11_2016-04-24T14-53-03.000Z,Pim,00:00:16,00:00:20,Yes,No,Yes,Noise,,,
301,F.de.Vries.11_2016-04-24T14-53-03.000Z,Pim,00:00:21,00:00:26,Yes,No,Yes,Noise,,,
301,F.de.Vries.11_2016-04-24T14-53-03.000Z,Pim,00:00:22,00:00:29,No,No,No,Human,vocal,,
301,F.de.Vries.11_2016-04-24T14-53-03.000Z,Pim,00:00:23,00:00:25,No,No,No,Other,Zipper,,
301,F.de.Vries.11_2016-04-24T14-53-03.000Z,Pim,00:00:32,00:00:36,No,No,No,Human,vocal,,
316,F.de.Vries.11_2016-04-25T08-08-41.000Z,Pim,00:00:00,00:00:30,No,No,No,Human,vocal,,
316,F.de.Vries.11_2016-04-25T08-08-41.000Z,Pim,00:00:00,00:00:03,No,No,No,Human,vocal,,
316,F.de.Vries.11_2016-04-25T08-08-41.000Z,Pim,00:00:04,00:00:05,No,No,No,Human,vocal,,
316,F.de.Vries.11_2016-04-25T08-08-41.000Z,Pim,00:00:09,00:00:10,No,No,No,Other,Slam,,
316,F.de.Vries.11_2016-04-25T08-08-41.000Z,Pim,00:00:11,00:00:12,Yes,No,Yes,Other,Clap,,
316,F.de.Vries.11_2016-04-25T08-08-41.000Z,Pim,00:00:13,00:00:13,Yes,No,Yes,Noise,,,
316,F.de.Vries.11_2016-04-25T08-08-41.000Z,Pim,00:00:13,00:00:14,No,No,Yes,Other,Click,,
316,F.de.Vries.11_2016-04-25T08-08-41.000Z,Pim,00:00:20,00:00:21,No,No,Yes,Human,Tick,,
316,F.de.Vries.11_2016-04-25T08-08-41.000Z,Pim,00:00:22,00:00:23,No,No,No,Other,Drop something on table,,
316,F.de.Vries.11_2016-04-25T08-08-41.000Z,Pim,00:00:23,00:00:24,No,No,Yes,Other,Drop something on table,,
316,F.de.Vries.11_2016-04-25T08-08-41.000Z,Pim,00:00:28,00:00:30,No,No,No,Human,vocal,,
344,S.M.Romer_2016-04-25T08-59-27.000Z,Pim,00:00:00,00:00:04,Yes,No,No,Traffic,Passing car,,
344,S.M.Romer_2016-04-25T08-59-27.000Z,Pim,00:00:10,00:00:15,Yes,No,No,Traffic,Passing car,,
344,S.M.Romer_2016-04-25T08-59-27.000Z,Pim,00:00:21,00:00:27,Yes,No,No,Traffic,Passing car,,
344,S.M.Romer_2016-04-25T08-59-27.000Z,Pim,00:00:31,00:00:34,Yes,No,No,Traffic,Passing car,,
349,S.M.Romer_2016-04-25T09-08-00.000Z,Pim,NA,NA,NA,NA,NA,NA,NA,Bestand beschadigd,
350,S.M.Romer_2016-04-25T09-09-31.000Z,Pim,NA,NA,NA,NA,NA,NA,NA,Bestand beschadigd,
373,J.Welink_2016-04-25T11-36-37.000Z,Pim,00:00:00,00:00:17,No,Yes,No,Silence,,,
373,J.Welink_2016-04-25T11-36-37.000Z,Pim,00:00:10,00:00:11,No,No,No,Other,Car door,,
373,J.Welink_2016-04-25T11-36-37.000Z,Pim,00:00:19,00:00:30,Yes,No,No,Traffic,Passing car,,
376,J.Welink_2016-04-25T11-46-17.000Z,Pim,00:00:00,00:00:03,No,No,No,Mechanical,,,
376,J.Welink_2016-04-25T11-46-17.000Z,Pim,00:00:07,00:00:07,No,No,No,Other,Metal ding,,
376,J.Welink_2016-04-25T11-46-17.000Z,Pim,00:00:15,00:00:16,No,No,No,Mechanical,Engine revving,,
376,J.Welink_2016-04-25T11-46-17.000Z,Pim,00:00:16,00:00:18,Yes,No,Yes,Noise,,,
376,J.Welink_2016-04-25T11-46-17.000Z,Pim,00:00:18,00:00:28,Yes,No,No,Traffic,Passing car,,
376,J.Welink_2016-04-25T11-46-17.000Z,Pim,00:00:24,00:00:25,No,No,No,Other,Metal ding,,
185,F.de.Vries.11_2016-04-20T08:52:01.000Z,Steven,00:00:00.416,00:00:29.894,Yes,No,No,Traffic,Traffic,,
185,F.de.Vries.11_2016-04-20T08:52:01.000Z,Steven,00:00:06.384,00:00:07.720,Yes,No,No,Other,Bicycile shaking,,
185,F.de.Vries.11_2016-04-20T08:52:01.000Z,Steven,00:00:10.177,00:00:10.789,Yes,No,No,Other,Bicycile shaking,,
185,F.de.Vries.11_2016-04-20T08:52:01.000Z,Steven,00:00:11.010,00:00:21.746,Yes,No,No,Human,Speech,,
186,H.R.Beishuizen_2016-04-20T08:52:50.000Z,Steven,00:00:00.000,00:00:31.322,Yes,No,No,Traffic,Traffic,,
186,H.R.Beishuizen_2016-04-20T08:52:50.000Z,Steven,00:00:15.637,00:00:16.027,Yes,No,Yes,Other,Clap,,
186,H.R.Beishuizen_2016-04-20T08:52:50.000Z,Steven,00:00:16.851,00:00:17.553,Yes,No,Yes,Noise,,,
186,H.R.Beishuizen_2016-04-20T08:52:50.000Z,Steven,00:00:19.279,00:00:20.131,Yes,No,Yes,Other,Clap,,
186,H.R.Beishuizen_2016-04-20T08:52:50.000Z,Steven,00:00:21.415,00:00:25.312,Yes,No,No,Noise,,,
186,H.R.Beishuizen_2016-04-20T08:52:50.000Z,Steven,00:00:28.748,00:00:29.304,Yes,No,Yes,Other,Click,,
186,H.R.Beishuizen_2016-04-20T08:52:50.000Z,Steven,00:00:29.719,00:00:30.602,Yes,No,Yes,Noise,,,
190,H.R.Beishuizen_2016-04-20T08:58:46.000Z,Steven,00:00:00.000,00:00:34.000,Yes,No,No,Traffic,Traffic,,
190,H.R.Beishuizen_2016-04-20T08:58:46.000Z,Steven,00:00:20.148,00:00:20.786,Yes,No,Yes,Other,,,
190,H.R.Beishuizen_2016-04-20T08:58:46.000Z,Steven,00:00:28.973,00:00:29.523,Yes,No,Yes,Other,Clap,,
195,R.Mencis_2016-04-20T11:06:36.000Z,Steven,00:00:00.000,00:00:29.861,No,No,No,Human,Speech,,
195,R.Mencis_2016-04-20T11:06:36.000Z,Steven,00:00:01.433,00:00:02.805,Yes,No,Yes,Noise,,,
222,T.R.Janssen_2016-04-21T14:56:58.000Z,Steven,00:00:00.000,00:00:29.861,No,No,No,Human,Speech,,
222,T.R.Janssen_2016-04-21T14:56:58.000Z,Steven,00:00:00.000,00:00:29.861,No,No,No,Machine,Computer/airco,,
229,L.H.Boulogne_2016-04-21T18:05:19.000Z,Steven,00:00:00.370,00:00:03.543,No,No,No,Human,Speech,,
229,L.H.Boulogne_2016-04-21T18:05:19.000Z,Steven,00:00:00.648,00:00:01.189,Yes,No,Yes,Other,Clap,,
229,L.H.Boulogne_2016-04-21T18:05:19.000Z,Steven,00:00:04.163,00:00:04.558,Yes,No,Yes,Other,Tick,,
229,L.H.Boulogne_2016-04-21T18:05:19.000Z,Steven,00:00:05.227,00:00:05.598,No,No,Yes,Other,Woodblock,,
229,L.H.Boulogne_2016-04-21T18:05:19.000Z,Steven,00:00:06.060,00:00:06.506,No,No,Yes,Human,Speech,,
229,L.H.Boulogne_2016-04-21T18:05:19.000Z,Steven,00:00:08.974,00:00:09.493,No,No,Yes,Other,,,
229,L.H.Boulogne_2016-04-21T18:05:19.000Z,Steven,00:00:10.085,00:00:10.475,No,No,Yes,Other,Cowbell,,
229,L.H.Boulogne_2016-04-21T18:05:19.000Z,Steven,00:00:11.750,00:00:12.155,No,No,Yes,Other,Tick,,
229,L.H.Boulogne_2016-04-21T18:05:19.000Z,Steven,00:00:13.600,00:00:15.119,No,No,Yes,Other,Tick,,
229,L.H.Boulogne_2016-04-21T18:05:19.000Z,Steven,00:00:15.775,00:00:16.255,No,No,Yes,Other,Tick,,
229,L.H.Boulogne_2016-04-21T18:05:19.000Z,Steven,00:00:17.301,00:00:21.402,No,No,No,Other,Tick,,
229,L.H.Boulogne_2016-04-21T18:05:19.000Z,Steven,00:00:23.269,00:00:23.936,No,No,Yes,Other,Tick,,
229,L.H.Boulogne_2016-04-21T18:05:19.000Z,Steven,00:00:27.849,00:00:28.214,No,No,Yes,Other,Tick,,
229,L.H.Boulogne_2016-04-21T18:05:19.000Z,Steven,00:00:28.265,00:00:28.846,No,No,Yes,Other,Cowbell,,
251,T.R.Janssen_2016-04-22T15:24:12.000Z,Steven,00:00:00.185,00:00:29.884,No,Yes,No,Music,Music,,
276,F.de.Vries.11_2016-04-23T12:26:08.000Z,Steven,00:00:00.444,00:00:31.881,Yes,No,No,Traffic,Traffic,,
276,F.de.Vries.11_2016-04-23T12:26:08.000Z,Steven,00:00:02.764,00:00:05.551,Yes,No,No,Human,Speech,,
276,F.de.Vries.11_2016-04-23T12:26:08.000Z,Steven,00:00:12.634,00:00:18.100,Yes,No,Yes,Other,Tick,,
276,F.de.Vries.11_2016-04-23T12:26:08.000Z,Steven,00:00:29.858,00:00:31.881,Yes,No,No,Other,swishing,,
308,L.H.Boulogne_2016-04-24T17:11:12.000Z,Steven,00:00:00.000,00:00:29.861,No,No,No,Human,speech/murmuring,,
387,L.H.Boulogne_2016-04-25T17-12-29.000Z,Pim,00:00:01,00:00:02,No,No,No,Other,Dropped phone,,
387,L.H.Boulogne_2016-04-25T17-12-29.000Z,Pim,00:00:07,00:00:08,No,No,Yes,Other,Tick,,
387,L.H.Boulogne_2016-04-25T17-12-29.000Z,Pim,00:00:08,00:00:08,No,No,Yes,Other,Tick,,
387,L.H.Boulogne_2016-04-25T17-12-29.000Z,Pim,00:00:15,00:00:16,No,No,Yes,Other,stone bowl tick,,
387,L.H.Boulogne_2016-04-25T17-12-29.000Z,Pim,00:00:16,00:00:17,No,No,Yes,Other,stone bowl tick,,
387,L.H.Boulogne_2016-04-25T17-12-29.000Z,Pim,00:00:17,00:00:18,No,No,Yes,Other,tick,,
387,L.H.Boulogne_2016-04-25T17-12-29.000Z,Pim,00:00:19,00:00:20,No,No,No,Other,sounds of cutlery,,
387,L.H.Boulogne_2016-04-25T17-12-29.000Z,Pim,00:00:23,00:00:24,No,No,Yes,Other,stone bowl tick,,
387,L.H.Boulogne_2016-04-25T17-12-29.000Z,Pim,00:00:24,00:00:25,No,No,Yes,Other,stone bowl tick,,
387,L.H.Boulogne_2016-04-25T17-12-29.000Z,Pim,00:00:26,00:00:26,No,No,Yes,Other,tick,,
387,L.H.Boulogne_2016-04-25T17-12-29.000Z,Pim,00:00:28,00:00:29,No,No,Yes,Other,sounds of cutlery,,
401,C.D.A.Wieringa_2016-04-26T09-42-07.000Z,Pim,00:00:00,00:00:01,Yes,No,Yes,Noise,,,
401,C.D.A.Wieringa_2016-04-26T09-42-07.000Z,Pim,00:00:01,00:00:03,Yes,No,Yes,Noise,,,
401,C.D.A.Wieringa_2016-04-26T09-42-07.000Z,Pim,00:00:02,00:00:03,No,No,No,Other,scratching sound,,
401,C.D.A.Wieringa_2016-04-26T09-42-07.000Z,Pim,00:00:03,00:00:04,No,No,No,Other,scratching sound,,
401,C.D.A.Wieringa_2016-04-26T09-42-07.000Z,Pim,00:00:04,00:00:10,Yes,No,Yes,Noise,,,
401,C.D.A.Wieringa_2016-04-26T09-42-07.000Z,Pim,00:00:04,00:00:10,No,No,No,Traffic,sound of a bicycle,,
401,C.D.A.Wieringa_2016-04-26T09-42-07.000Z,Pim,00:00:04,00:00:04,No,No,Yes,Other,short sweep,,
401,C.D.A.Wieringa_2016-04-26T09-42-07.000Z,Pim,00:00:05,00:00:06,No,No,Yes,Other,squeek,,
401,C.D.A.Wieringa_2016-04-26T09-42-07.000Z,Pim,00:00:10,00:00:11,Yes,No,Yes,Noise,,,
401,C.D.A.Wieringa_2016-04-26T09-42-07.000Z,Pim,00:00:13,00:00:26,Yes,No,Yes,Noise,,,
401,C.D.A.Wieringa_2016-04-26T09-42-07.000Z,Pim,00:00:16,00:00:16,No,No,No,Other,Rattling,,
401,C.D.A.Wieringa_2016-04-26T09-42-07.000Z,Pim,00:00:17,00:00:30,No,No,No,Traffic,sound of a bicycle,,
401,C.D.A.Wieringa_2016-04-26T09-42-07.000Z,Pim,00:00:24,00:00:25,No,No,No,Human,vocal,,
401,C.D.A.Wieringa_2016-04-26T09-42-07.000Z,Pim,00:00:30,00:00:30,Yes,No,Yes,Other,short sweep,,
442,R.Mencis_2016-04-26T21-52-58.000Z,Pim,00:00:00,00:00:32,Yes,No,No,Other,nail tapping,,
449,E.Karountzos_2016-04-27T09-23-00.000Z,Pim,00:00:00,00:00:31,No,No,No,Noise,,,
453,m.wirthlin_2016-04-27T10-24-33.000Z,Pim,00:00:01,00:00:31,No,No,No,Human,vocal,,
453,m.wirthlin_2016-04-27T10-24-33.000Z,Pim,00:00:05,00:00:09,No,No,No,Human,vocal loud,,
453,m.wirthlin_2016-04-27T10-24-33.000Z,Pim,00:00:16,00:00:17,No,No,No,Human,laughing,,
453,m.wirthlin_2016-04-27T10-24-33.000Z,Pim,00:00:25,00:00:27,No,No,No,Human,laughing,,
453,m.wirthlin_2016-04-27T10-24-33.000Z,Pim,00:00:27,00:00:28,No,No,No,Human,laughing,,
457,m.wirthlin_2016-04-27T10-35-47.000Z,Pim,00:00:01,00:00:32,Yes,No,No,Music,Very loud,,
459,L.H.Boulogne_2016-04-27T11-26-39.000Z,Pim,00:00:00,00:00:33,No,No,No,Human,background murmer,,
459,L.H.Boulogne_2016-04-27T11-26-39.000Z,Pim,00:00:02,00:00:03,No,No,No,Human,vocal,,
459,L.H.Boulogne_2016-04-27T11-26-39.000Z,Pim,00:00:09,00:00:10,No,No,No,Human,vocal,,
459,L.H.Boulogne_2016-04-27T11-26-39.000Z,Pim,00:00:10,00:00:11,No,No,No,Human,vocal,,
459,L.H.Boulogne_2016-04-27T11-26-39.000Z,Pim,00:00:11,00:00:13,No,No,No,Human,vocal,,
459,L.H.Boulogne_2016-04-27T11-26-39.000Z,Pim,00:00:12,00:00:13,No,No,No,Human,vocal,,
459,L.H.Boulogne_2016-04-27T11-26-39.000Z,Pim,00:00:20,00:00:21,No,No,No,Human,vocal,,
459,L.H.Boulogne_2016-04-27T11-26-39.000Z,Pim,00:00:21,00:00:23,No,No,No,Human,vocal,,
459,L.H.Boulogne_2016-04-27T11-26-39.000Z,Pim,00:00:23,00:00:28,No,No,No,Human,vocal,,
466,L.H.Boulogne_2016-04-27T12-24-48.000Z,Pim,00:00:00,00:00:13,No,No,No,Music,Loud,,
466,L.H.Boulogne_2016-04-27T12-24-48.000Z,Pim,00:00:13,00:00:31,No,No,No,Music,Loud,,
466,L.H.Boulogne_2016-04-27T12-24-48.000Z,Pim,00:00:17,00:00:25,No,No,No,Human,vocal,,
466,L.H.Boulogne_2016-04-27T12-24-48.000Z,Pim,00:00:31,00:00:36,No,No,No,Human,vocal,,
486,S.Bosch.8_2016-04-28T09-02-01.000Z,Pim,00:00:00,00:00:17,No,Yes,No,Nature,birds,,
486,S.Bosch.8_2016-04-28T09-02-01.000Z,Pim,00:00:00,00:00:32,No,No,No,Other,Footsteps,,
486,S.Bosch.8_2016-04-28T09-02-01.000Z,Pim,00:00:00,00:00:20,No,No,No,Other,Wind,,
486,S.Bosch.8_2016-04-28T09-02-01.000Z,Pim,00:00:04,00:00:05,No,No,No,human,vocal,,
486,S.Bosch.8_2016-04-28T09-02-01.000Z,Pim,00:00:26,00:00:28,No,No,No,Traffic,passing bicycle,,
493,S.Looije.2_2016-04-28T09-33-21.000Z,Pim,00:00:01,00:00:01,Yes,No,No,Noise,,,
499,S.Looije.2_2016-04-28T10-56-16.000Z,Pim,00:00:03,00:00:03,No,No,No,human,vocal,,
499,S.Looije.2_2016-04-28T10-56-16.000Z,Pim,00:00:07,00:00:11,No,No,No,human,vocal,,
499,S.Looije.2_2016-04-28T10-56-16.000Z,Pim,00:00:08,00:00:09,Yes,No,Yes,Noise,,,
499,S.Looije.2_2016-04-28T10-56-16.000Z,Pim,00:00:17,00:00:21,No,No,No,Noise,,,
499,S.Looije.2_2016-04-28T10-56-16.000Z,Pim,00:00:21,00:00:24,No,No,No,Noise,,,
499,S.Looije.2_2016-04-28T10-56-16.000Z,Pim,00:00:25,00:00:26,No,No,No,Noise,,,
499,S.Looije.2_2016-04-28T10-56-16.000Z,Pim,00:00:30,00:00:30,No,No,No,Noise,,,
507,R.Mencis_2016-04-28T11-07-39.000Z,Pim,00:00:00,00:00:31,No,No,No,Human,vocal,,
507,R.Mencis_2016-04-28T11-07-39.000Z,Pim,00:00:00,00:00:31,Yes,No,No,Other,ticking with nails,,
513,X.L.X.Stokkel_2016-04-28T11-30-19.000Z,Pim,00:00:00,00:00:02,No,No,No,Human,vocal,,
513,X.L.X.Stokkel_2016-04-28T11-30-19.000Z,Pim,00:00:02.483,00:00:03.993,No,No,No,Human,vocal,,
513,X.L.X.Stokkel_2016-04-28T11-30-19.000Z,Pim,00:00:00.000,00:00:30.140,No,No,No,Human,background murmer,,
513,X.L.X.Stokkel_2016-04-28T11-30-19.000Z,Pim,00:00:05.307,00:00:07.304,No,No,No,Human,vocal,,
513,X.L.X.Stokkel_2016-04-28T11-30-19.000Z,Pim,00:00:08.034,00:00:14.266,No,No,No,Human,vocal,,
513,X.L.X.Stokkel_2016-04-28T11-30-19.000Z,Pim,00:00:14.461,00:00:15.484,No,No,No,Human,laughing,,
513,X.L.X.Stokkel_2016-04-28T11-30-19.000Z,Pim,00:00:15.143,00:00:15.776,No,No,No,Human,vocal,,
513,X.L.X.Stokkel_2016-04-28T11-30-19.000Z,Pim,00:00:16.263,00:00:16.798,No,No,No,Human,laughing,,
513,X.L.X.Stokkel_2016-04-28T11-30-19.000Z,Pim,00:00:17.188,00:00:30.140,No,No,No,Human,vocal,,
513,X.L.X.Stokkel_2016-04-28T11-30-19.000Z,Pim,00:00:21.813,00:00:23.664,No,No,No,Human,laughing,,
514,S.M.Romer_2016-04-28T11-31-12.000Z,Pim,00:00:00.628,00:00:29.884,No,No,No,Human,background murmer,,
514,S.M.Romer_2016-04-28T11-31-12.000Z,Pim,00:00:01.545,00:00:04.635,No,No,No,Human,vocal,,
514,S.M.Romer_2016-04-28T11-31-12.000Z,Pim,00:00:05.166,00:00:06.566,No,No,No,Human,vocal,,
514,S.M.Romer_2016-04-28T11-31-12.000Z,Pim,00:00:06.324,00:00:07.869,No,No,No,Human,laughing,,
514,S.M.Romer_2016-04-28T11-31-12.000Z,Pim,00:00:07.193,00:00:07.869,No,No,No,Human,vocal,,
514,S.M.Romer_2016-04-28T11-31-12.000Z,Pim,00:00:08.497,00:00:16.463,No,No,No,Human,vocal,,
514,S.M.Romer_2016-04-28T11-31-12.000Z,Pim,00:00:16.366,00:00:17.284,Yes,No,Yes,Human,vocal loud,,
514,S.M.Romer_2016-04-28T11-31-12.000Z,Pim,00:00:17.525,00:00:18.056,No,No,No,Human,laughing,,
514,S.M.Romer_2016-04-28T11-31-12.000Z,Pim,00:00:18.008,00:00:19.408,Yes,No,Yes,Human,vocal loud,,
514,S.M.Romer_2016-04-28T11-31-12.000Z,Pim,00:00:20.808,00:00:21.387,No,No,No,Human,vocal,,
514,S.M.Romer_2016-04-28T11-31-12.000Z,Pim,00:00:22.353,00:00:23.125,No,No,No,Human,vocal,,
514,S.M.Romer_2016-04-28T11-31-12.000Z,Pim,00:00:23.849,00:00:29.884,No,No,No,Human,vocal,,
325,S.M.Romer_2016-04-25T08:27:20.000Z,Steven,00:00:00.416,00:00:02.408,Yes,No,Yes,Machine,Engine,,
325,S.M.Romer_2016-04-25T08:27:20.000Z,Steven,00:00:03.331,00:00:29.838,Yes,No,No,Machine,Engine,,
332,S.M.Romer_2016-04-25T08:35:46.000Z,Steven,00:00:00.463,00:00:02.134,Yes,No,Yes,Noise,Noise,,
332,S.M.Romer_2016-04-25T08:35:46.000Z,Steven,00:00:05.370,00:00:08.270,Yes,No,Yes,Other,,,
332,S.M.Romer_2016-04-25T08:35:46.000Z,Steven,00:00:06.944,00:00:19.065,No,No,No,Other,Human running,,
332,S.M.Romer_2016-04-25T08:35:46.000Z,Steven,00:00:16.296,00:00:24.190,Yes,No,No,Machine,Engine,,
333,H.R.Beishuizen_2016-04-25T08:37:27.000Z,Steven,00:00:00.000,00:00:34.000,Yes,No,No,Noise,Noise,,
333,H.R.Beishuizen_2016-04-25T08:37:27.000Z,Steven,00:00:22.569,00:00:33.542,Yes,No,No,Other,Truck backing,,
335,S.M.Romer_2016-04-25T08:42:25.000Z,Steven,00:00:00.478,00:00:02.240,Yes,No,No,Machine,Engine,,
335,S.M.Romer_2016-04-25T08:42:25.000Z,Steven,00:00:03.681,00:00:09.518,Yes,No,Yes,Machine,Engine revving,,
354,NA,Steven,NA,NA,NA,NA,NA,NA,NA,,
357,M.Sabatelli_2016-04-25T09:38:08.000Z,Steven,00:00:00.000,00:00:29.954,Yes,No,Yes,Other,Table tennis,,
366,J.Welink_2016-04-25T11:16:53.000Z,Steven,00:00:00.000,00:00:20.370,Yes,No,No,Noise,Wind on microphone,,
366,J.Welink_2016-04-25T11:16:53.000Z,Steven,00:00:20.370,00:00:29.907,Yes,No,No,Traffic,Passing cars,,
368,C.D.A.Wieringa_2016-04-25T11:21:22.000Z,Steven,00:00:00.000,00:00:05.278,Yes,No,No,Traffic,Traffic,,
368,C.D.A.Wieringa_2016-04-25T11:21:22.000Z,Steven,00:00:05.278,00:00:07.927,Yes,No,Yes,Other,Wind on microphone,,
368,C.D.A.Wieringa_2016-04-25T11:21:22.000Z,Steven,00:00:00.000,00:00:29.861,Yes,No,Yes,Other,Bicycle rattling,,
368,C.D.A.Wieringa_2016-04-25T11:21:22.000Z,Steven,00:00:07.927,00:00:29.861,Yes,No,No,Traffic,Traffic,,
368,C.D.A.Wieringa_2016-04-25T11:21:22.000Z,Steven,00:00:27.176,00:00:29.127,Yes,No,No,Humans,Background speech,,
379,J.Welink_2016-04-25T12:04:09.000Z,Steven,00:00:00.000,00:00:19.443,Yes,No,No,Traffic,Traffic,,
379,J.Welink_2016-04-25T12:04:09.000Z,Steven,00:00:19.392,00:00:24.799,Yes,No,Yes,Other,Wind on microphone,,
379,J.Welink_2016-04-25T12:04:09.000Z,Steven,00:00:29.113,00:00:32.472,Yes,No,No,Humans,Background speech,,
416,J.Welink_2016-04-26T13:31:37.000Z,Steven,00:00:00.000,00:00:29.861,No,No,No,Humans,Background murmer,,
416,J.Welink_2016-04-26T13:31:37.000Z,Steven,00:00:06.759,00:00:07.285,Yes,No,Yes,Other,Book falling,,
417,J.Welink_2016-04-26T13:35:10.000Z,Steven,00:00:00.000,00:00:29.861,No,Yes,No,Other,Inside train/car,,
418,J.Welink_2016-04-26T13:37:59.000Z,Steven,00:00:00.000,00:00:29.861,No,No,No,Humans,Background murmer,,
418,J.Welink_2016-04-26T13:37:59.000Z,Steven,00:00:01.435,00:00:01.901,Yes,No,Yes,Humans,Speech,,
418,J.Welink_2016-04-26T13:37:59.000Z,Steven,00:00:02.778,00:00:03.596,Yes,No,Yes,Humans,Shouting,,
418,J.Welink_2016-04-26T13:37:59.000Z,Steven,00:00:01.944,00:00:02.778,Yes,No,Yes,Other,,,
418,J.Welink_2016-04-26T13:37:59.000Z,Steven,00:00:18.009,00:00:21.221,Yes,No,Yes,Other,Squeeking,,
418,J.Welink_2016-04-26T13:37:59.000Z,Steven,00:00:23.009,00:00:24.114,Yes,No,Yes,Humans,Speech,,
436,R.Mencis_2016-04-26T21:10:16.000Z,Steven,00:00:00.000,00:00:00.975,Yes,No,Yes,Other,Scraping,,
436,R.Mencis_2016-04-26T21:10:16.000Z,Steven,00:00:00.975,00:00:02.095,Yes,No,Yes,Other,Ticks,,
452,m.wirthlin_2016-04-27T10:21:20.000Z,Steven,00:00:00.335,00:00:30.835,No,No,No,Human,Background murmer,,
452,m.wirthlin_2016-04-27T10:21:20.000Z,Steven,00:00:00.335,00:00:02.344,Yes,No,Yes,Machine,Machine,,
452,m.wirthlin_2016-04-27T10:21:20.000Z,Steven,00:00:07.697,00:00:13.946,Yes,No,Yes,Human,Speech,,
452,m.wirthlin_2016-04-27T10:21:20.000Z,Steven,00:00:27.536,00:00:30.835,Yes,No,Yes,Human,Speech,,
455,m.wirthlin_2016-04-27T10:32:32.000Z,Steven,00:00:00.446,00:00:02.518,Yes,No,Yes,Music,Loud background music,,
455,m.wirthlin_2016-04-27T10:32:32.000Z,Steven,00:00:03.123,00:00:09.883,Yes,No,No,Music,Loud background music,,
455,m.wirthlin_2016-04-27T10:32:32.000Z,Steven,00:00:11.698,00:00:32.020,Yes,No,No,Music,Loud background music,,
455,m.wirthlin_2016-04-27T10:32:32.000Z,Steven,00:00:10.310,00:00:11.666,Yes,No,No,Human,Baby,,
478,S.Bosch.8_2016-04-28T08:33:55.000Z,Steven,00:00:00.000,00:00:06.600,Yes,No,No,Human,Speech,,
478,S.Bosch.8_2016-04-28T08:33:55.000Z,Steven,00:00:01.338,00:00:04.452,Yes,No,Yes,Other,Swishing,,
478,S.Bosch.8_2016-04-28T08:33:55.000Z,Steven,00:00:07.107,00:00:10.881,Yes,No,No,Other,Swishing,,
478,S.Bosch.8_2016-04-28T08:33:55.000Z,Steven,00:00:08.584,00:00:10.220,Yes,No,Yes,Machine,Drilling,,
478,S.Bosch.8_2016-04-28T08:33:55.000Z,Steven,00:00:11.677,00:00:12.354,Yes,No,Yes,Other,Clap,,
478,S.Bosch.8_2016-04-28T08:33:55.000Z,Steven,00:00:12.646,00:00:13.563,Yes,No,Yes,Other,,,
478,S.Bosch.8_2016-04-28T08:33:55.000Z,Steven,00:00:13.154,00:00:19.846,No,No,No,Human,Speech,,
478,S.Bosch.8_2016-04-28T08:33:55.000Z,Steven,00:00:14.630,00:00:17.562,Yes,No,Yes,Machine,Drilling,,
478,S.Bosch.8_2016-04-28T08:33:55.000Z,Steven,00:00:20.630,00:00:23.006,No,No,No,Human,Background murmer,,
478,S.Bosch.8_2016-04-28T08:33:55.000Z,Steven,00:00:23.161,00:00:29.768,No,No,No,Human,Speech,,
485,NA,Steven,NA,NA,NA,NA,NA,NA,NA,,
494,S.Looije.2_2016-04-28T09:43:04.000Z,Steven,00:00:00.000,00:00:29.907,No,No,No,Human,Background murmer,,
494,S.Looije.2_2016-04-28T09:43:04.000Z,Steven,00:00:05.278,00:00:13.399,No,No,No,Human,Speech,,
494,S.Looije.2_2016-04-28T09:43:04.000Z,Steven,00:00:28.148,00:00:29.565,Yes,No,Yes,Other,Tick,,
500,S.Looije.2_2016-04-28T10:57:38.000Z,Steven,00:00:01.135,00:00:02.068,Yes,No,Yes,Other,Microphone,,
500,S.Looije.2_2016-04-28T10:57:38.000Z,Steven,00:00:02.068,00:00:04.809,Yes,No,No,Other,Wind on microphone,,
500,S.Looije.2_2016-04-28T10:57:38.000Z,Steven,00:00:06.546,00:00:31.881,No,No,No,Human,Speech,,
512,NA,Steven,NA,NA,NA,NA,NA,NA,NA,,
515,NA,Steven,NA,NA,NA,NA,NA,NA,NA,,